params,mean_mse,mse,r2,accuracy,fit_time,mean_abs_mse,mean_rmse,rmse,accuracy,r2,fit_time
"{'criterion': 'friedman_mse', 'max_depth': None, 'min_samples_leaf': 1, 'min_samples_split': 5, 'n_estimators': 300}",-51.38924864,39.21813241,0.951901731,81.9047619,227.3964274,51.38924864,7.1686,6.2624,81.90%,0.9519,227.4
"{'criterion': 'friedman_mse', 'max_depth': None, 'min_samples_leaf': 1, 'min_samples_split': 5, 'n_estimators': 500}",-51.43964848,38.99476369,0.952175676,81.85714286,379.1026666,51.43964848,7.1721,6.2446,81.86%,0.9522,379.1
"{'criterion': 'squared_error', 'max_depth': None, 'min_samples_leaf': 1, 'min_samples_split': 5, 'n_estimators': 500}",-51.4698793,38.91327534,0.952275616,81.71428571,380.6076169,51.4698793,7.1743,6.2381,81.71%,0.9523,380.61
"{'criterion': 'friedman_mse', 'max_depth': None, 'min_samples_leaf': 1, 'min_samples_split': 5, 'n_estimators': 400}",-51.47305078,38.86872876,0.952330249,81.85714286,303.4403477,51.47305078,7.1745,6.2345,81.86%,0.9523,303.44
"{'criterion': 'squared_error', 'max_depth': None, 'min_samples_leaf': 1, 'min_samples_split': 5, 'n_estimators': 400}",-51.49836239,39.08979112,0.952059132,81.9047619,305.105711,51.49836239,7.1762,6.2522,81.90%,0.9521,305.11
"{'criterion': 'squared_error', 'max_depth': None, 'min_samples_leaf': 1, 'min_samples_split': 5, 'n_estimators': 300}",-51.53664875,39.09532255,0.952052348,81.76190476,228.6073325,51.53664875,7.1789,6.2526,81.76%,0.9521,228.61
"{'criterion': 'friedman_mse', 'max_depth': None, 'min_samples_leaf': 1, 'min_samples_split': 5, 'n_estimators': 200}",-51.54555354,39.04818846,0.952110155,81.95238095,151.4719186,51.54555354,7.1795,6.2489,81.95%,0.9521,151.47
"{'criterion': 'squared_error', 'max_depth': None, 'min_samples_leaf': 1, 'min_samples_split': 5, 'n_estimators': 200}",-51.54753435,39.21451856,0.951906163,81.66666667,152.3054836,51.54753435,7.1797,6.2621,81.67%,0.9519,152.31
"{'criterion': 'squared_error', 'max_depth': None, 'min_samples_leaf': 1, 'min_samples_split': 5, 'n_estimators': 100}",-51.6819796,39.70095263,0.951309586,81.57142857,76.10068083,51.6819796,7.189,6.3009,81.57%,0.9513,76.1
"{'criterion': 'friedman_mse', 'max_depth': None, 'min_samples_leaf': 1, 'min_samples_split': 5, 'n_estimators': 100}",-51.77995947,39.59343896,0.951441444,81.61904762,75.590137,51.77995947,7.1958,6.2923,81.62%,0.9514,75.59
"{'criterion': 'squared_error', 'max_depth': None, 'min_samples_leaf': 1, 'min_samples_split': 10, 'n_estimators': 400}",-52.70092882,42.16414652,0.948288652,80.0952381,289.6132603,52.70092882,7.2595,6.4934,80.10%,0.9483,289.61
"{'criterion': 'friedman_mse', 'max_depth': None, 'min_samples_leaf': 1, 'min_samples_split': 2, 'n_estimators': 500}",-52.70849854,39.72107424,0.951284908,83,412.381443,52.70849854,7.2601,6.3025,83.00%,0.9513,412.38
"{'criterion': 'friedman_mse', 'max_depth': None, 'min_samples_leaf': 1, 'min_samples_split': 2, 'n_estimators': 400}",-52.71794538,39.67643464,0.951339655,83.04761905,332.5142336,52.71794538,7.2607,6.2989,83.05%,0.9513,332.51
"{'criterion': 'squared_error', 'max_depth': None, 'min_samples_leaf': 1, 'min_samples_split': 2, 'n_estimators': 500}",-52.7244356,39.81230405,0.951173021,82.95238095,417.6794827,52.7244356,7.2612,6.3097,82.95%,0.9512,417.68
"{'criterion': 'squared_error', 'max_depth': None, 'min_samples_leaf': 1, 'min_samples_split': 2, 'n_estimators': 300}",-52.73223387,39.95610207,0.950996663,82.76190476,255.5948963,52.73223387,7.2617,6.3211,82.76%,0.951,255.59
"{'criterion': 'squared_error', 'max_depth': None, 'min_samples_leaf': 1, 'min_samples_split': 10, 'n_estimators': 500}",-52.73420573,42.16794638,0.948283992,80.23809524,361.6271343,52.73420573,7.2618,6.4937,80.24%,0.9483,361.63
"{'criterion': 'squared_error', 'max_depth': None, 'min_samples_leaf': 1, 'min_samples_split': 2, 'n_estimators': 400}",-52.76068772,39.80483723,0.951182179,82.9047619,334.0909004,52.76068772,7.2637,6.3091,82.90%,0.9512,334.09
"{'criterion': 'squared_error', 'max_depth': None, 'min_samples_leaf': 1, 'min_samples_split': 10, 'n_estimators': 100}",-52.77703586,42.39789024,0.948001982,80.38095238,72.31455135,52.77703586,7.2648,6.5114,80.38%,0.948,72.31
"{'criterion': 'squared_error', 'max_depth': None, 'min_samples_leaf': 1, 'min_samples_split': 10, 'n_estimators': 300}",-52.78719998,42.28904024,0.948135479,80.14285714,217.3202763,52.78719998,7.2655,6.503,80.14%,0.9481,217.32
"{'criterion': 'squared_error', 'max_depth': None, 'min_samples_leaf': 1, 'min_samples_split': 10, 'n_estimators': 200}",-52.79314066,42.22096566,0.948218968,80.23809524,144.6022835,52.79314066,7.2659,6.4978,80.24%,0.9482,144.6
"{'criterion': 'friedman_mse', 'max_depth': None, 'min_samples_leaf': 1, 'min_samples_split': 10, 'n_estimators': 500}",-52.8010784,42.39422439,0.948006478,80.28571429,360.1112339,52.8010784,7.2664,6.5111,80.29%,0.948,360.11
"{'criterion': 'friedman_mse', 'max_depth': None, 'min_samples_leaf': 1, 'min_samples_split': 2, 'n_estimators': 300}",-52.8047317,39.69942474,0.951311459,82.85714286,248.5030332,52.8047317,7.2667,6.3007,82.86%,0.9513,248.5
"{'criterion': 'friedman_mse', 'max_depth': None, 'min_samples_leaf': 1, 'min_samples_split': 10, 'n_estimators': 400}",-52.84126618,42.35919405,0.94804944,80.0952381,290.1749935,52.84126618,7.2692,6.5084,80.10%,0.948,290.17
"{'criterion': 'squared_error', 'max_depth': None, 'min_samples_leaf': 1, 'min_samples_split': 2, 'n_estimators': 200}",-52.85516623,39.97925539,0.950968267,82.80952381,175.8640234,52.85516623,7.2702,6.3229,82.81%,0.951,175.86
"{'criterion': 'friedman_mse', 'max_depth': None, 'min_samples_leaf': 1, 'min_samples_split': 2, 'n_estimators': 200}",-52.860785,39.8102216,0.951175575,82.9047619,165.538599,52.860785,7.2705,6.3095,82.90%,0.9512,165.54
"{'criterion': 'friedman_mse', 'max_depth': None, 'min_samples_leaf': 1, 'min_samples_split': 10, 'n_estimators': 300}",-52.92391573,42.32786586,0.948087862,80.33333333,218.0464313,52.92391573,7.2749,6.506,80.33%,0.9481,218.05
"{'criterion': 'friedman_mse', 'max_depth': None, 'min_samples_leaf': 2, 'min_samples_split': 2, 'n_estimators': 100}",-53.01787459,43.80680411,0.946274049,80.19047619,71.55464816,53.01787459,7.2813,6.6187,80.19%,0.9463,71.55
"{'criterion': 'friedman_mse', 'max_depth': None, 'min_samples_leaf': 1, 'min_samples_split': 10, 'n_estimators': 200}",-53.02043156,42.35909822,0.948049558,80.47619048,144.3464911,53.02043156,7.2815,6.5084,80.48%,0.948,144.35
"{'criterion': 'friedman_mse', 'max_depth': None, 'min_samples_leaf': 2, 'min_samples_split': 2, 'n_estimators': 200}",-53.05512815,43.53224943,0.946610771,80.33333333,143.1596005,53.05512815,7.2839,6.5979,80.33%,0.9466,143.16
"{'criterion': 'friedman_mse', 'max_depth': None, 'min_samples_leaf': 2, 'min_samples_split': 2, 'n_estimators': 300}",-53.05673126,43.4848718,0.946668876,80.57142857,214.7904525,53.05673126,7.284,6.5943,80.57%,0.9467,214.79
"{'criterion': 'friedman_mse', 'max_depth': None, 'min_samples_leaf': 2, 'min_samples_split': 2, 'n_estimators': 400}",-53.06045356,43.55443852,0.946583557,80.33333333,287.536746,53.06045356,7.2843,6.5996,80.33%,0.9466,287.54
"{'criterion': 'friedman_mse', 'max_depth': None, 'min_samples_leaf': 1, 'min_samples_split': 2, 'n_estimators': 100}",-53.06303498,40.2980141,0.950577332,82.80952381,82.29021144,53.06303498,7.2844,6.3481,82.81%,0.9506,82.29
"{'criterion': 'squared_error', 'max_depth': None, 'min_samples_leaf': 1, 'min_samples_split': 2, 'n_estimators': 100}",-53.07253235,40.15074289,0.95075795,82.76190476,86.67081642,53.07253235,7.2851,6.3365,82.76%,0.9508,86.67
"{'criterion': 'friedman_mse', 'max_depth': None, 'min_samples_leaf': 2, 'min_samples_split': 2, 'n_estimators': 500}",-53.07916544,43.48642418,0.946666972,80.57142857,356.6397643,53.07916544,7.2855,6.5944,80.57%,0.9467,356.64
"{'criterion': 'squared_error', 'max_depth': None, 'min_samples_leaf': 2, 'min_samples_split': 2, 'n_estimators': 500}",-53.13474973,43.52948817,0.946614157,80.14285714,359.0457678,53.13474973,7.2894,6.5977,80.14%,0.9466,359.05
"{'criterion': 'squared_error', 'max_depth': None, 'min_samples_leaf': 2, 'min_samples_split': 2, 'n_estimators': 400}",-53.16047339,43.30625734,0.946887934,80.19047619,287.4571543,53.16047339,7.2911,6.5807,80.19%,0.9469,287.46
"{'criterion': 'friedman_mse', 'max_depth': None, 'min_samples_leaf': 1, 'min_samples_split': 10, 'n_estimators': 100}",-53.24537659,42.93324169,0.947345411,80.47619048,72.01365042,53.24537659,7.2969,6.5523,80.48%,0.9473,72.01
"{'criterion': 'squared_error', 'max_depth': None, 'min_samples_leaf': 2, 'min_samples_split': 2, 'n_estimators': 200}",-53.25677029,43.38816354,0.946787482,80.28571429,143.6020265,53.25677029,7.2977,6.587,80.29%,0.9468,143.6
"{'criterion': 'squared_error', 'max_depth': None, 'min_samples_leaf': 2, 'min_samples_split': 2, 'n_estimators': 300}",-53.26097245,43.37082115,0.946808751,80.33333333,215.6934447,53.26097245,7.298,6.5857,80.33%,0.9468,215.69
"{'criterion': 'squared_error', 'max_depth': None, 'min_samples_leaf': 2, 'min_samples_split': 2, 'n_estimators': 100}",-53.26939726,43.59551317,0.946533182,80.28571429,71.75676322,53.26939726,7.2986,6.6027,80.29%,0.9465,71.76
"{'criterion': 'squared_error', 'max_depth': None, 'min_samples_leaf': 2, 'min_samples_split': 5, 'n_estimators': 400}",-53.51637082,44.03219061,0.945997628,80.04761905,283.3252254,53.51637082,7.3155,6.6357,80.05%,0.946,283.33
"{'criterion': 'squared_error', 'max_depth': None, 'min_samples_leaf': 2, 'min_samples_split': 5, 'n_estimators': 500}",-53.52022632,43.84234856,0.946230456,80.0952381,358.1824548,53.52022632,7.3158,6.6214,80.10%,0.9462,358.18
"{'criterion': 'squared_error', 'max_depth': None, 'min_samples_leaf': 2, 'min_samples_split': 5, 'n_estimators': 300}",-53.54294628,44.24481864,0.945736855,80.0952381,212.1100976,53.54294628,7.3173,6.6517,80.10%,0.9457,212.11
"{'criterion': 'squared_error', 'max_depth': None, 'min_samples_leaf': 2, 'min_samples_split': 5, 'n_estimators': 200}",-53.58205218,44.32465801,0.945638938,80.0952381,141.7956953,53.58205218,7.32,6.6577,80.10%,0.9456,141.8
"{'criterion': 'friedman_mse', 'max_depth': None, 'min_samples_leaf': 2, 'min_samples_split': 5, 'n_estimators': 500}",-53.63812538,43.72636494,0.946372702,80.66666667,351.8525641,53.63812538,7.3238,6.6126,80.67%,0.9464,351.85
"{'criterion': 'squared_error', 'max_depth': None, 'min_samples_leaf': 2, 'min_samples_split': 5, 'n_estimators': 100}",-53.6591091,44.64171648,0.945250088,79.71428571,70.82152581,53.6591091,7.3252,6.6814,79.71%,0.9453,70.82
"{'criterion': 'friedman_mse', 'max_depth': None, 'min_samples_leaf': 2, 'min_samples_split': 5, 'n_estimators': 400}",-53.66451138,43.72416493,0.9463754,80.61904762,281.6593225,53.66451138,7.3256,6.6124,80.62%,0.9464,281.66
"{'criterion': 'friedman_mse', 'max_depth': None, 'min_samples_leaf': 2, 'min_samples_split': 5, 'n_estimators': 300}",-53.67723731,43.63047102,0.946490309,80.57142857,211.2508626,53.67723731,7.3265,6.6053,80.57%,0.9465,211.25
"{'criterion': 'friedman_mse', 'max_depth': None, 'min_samples_leaf': 2, 'min_samples_split': 5, 'n_estimators': 200}",-53.71118364,43.51419266,0.946632916,80.47619048,140.6767399,53.71118364,7.3288,6.5965,80.48%,0.9466,140.68
"{'criterion': 'friedman_mse', 'max_depth': None, 'min_samples_leaf': 2, 'min_samples_split': 5, 'n_estimators': 100}",-53.8075793,43.28995854,0.946907923,80.42857143,70.27486491,53.8075793,7.3354,6.5795,80.43%,0.9469,70.27
"{'criterion': 'friedman_mse', 'max_depth': None, 'min_samples_leaf': 2, 'min_samples_split': 10, 'n_estimators': 400}",-55.47376822,47.49743678,0.941747749,78.95238095,271.6764483,55.47376822,7.4481,6.8918,78.95%,0.9417,271.68
"{'criterion': 'squared_error', 'max_depth': None, 'min_samples_leaf': 2, 'min_samples_split': 10, 'n_estimators': 100}",-55.48342394,47.61169017,0.941607625,79.23809524,68.52861452,55.48342394,7.4487,6.9001,79.24%,0.9416,68.53
"{'criterion': 'friedman_mse', 'max_depth': None, 'min_samples_leaf': 2, 'min_samples_split': 10, 'n_estimators': 500}",-55.50135867,47.52922623,0.941708761,78.95238095,339.4899364,55.50135867,7.4499,6.8941,78.95%,0.9417,339.49
"{'criterion': 'friedman_mse', 'max_depth': None, 'min_samples_leaf': 2, 'min_samples_split': 10, 'n_estimators': 300}",-55.50703012,47.59894379,0.941623257,79.19047619,203.9438407,55.50703012,7.4503,6.8992,79.19%,0.9416,203.94
"{'criterion': 'squared_error', 'max_depth': None, 'min_samples_leaf': 2, 'min_samples_split': 10, 'n_estimators': 300}",-55.5713661,47.59045027,0.941633674,79.14285714,207.5538197,55.5713661,7.4546,6.8986,79.14%,0.9416,207.55
"{'criterion': 'squared_error', 'max_depth': None, 'min_samples_leaf': 2, 'min_samples_split': 10, 'n_estimators': 400}",-55.57835898,47.68162215,0.941521858,79.0952381,278.8382978,55.57835898,7.4551,6.9052,79.10%,0.9415,278.84
"{'criterion': 'friedman_mse', 'max_depth': None, 'min_samples_leaf': 2, 'min_samples_split': 10, 'n_estimators': 100}",-55.58711233,47.73353749,0.941458188,78.85714286,67.86019397,55.58711233,7.4557,6.9089,78.86%,0.9415,67.86
"{'criterion': 'squared_error', 'max_depth': None, 'min_samples_leaf': 2, 'min_samples_split': 10, 'n_estimators': 500}",-55.58934886,47.62939919,0.941585906,79.14285714,349.7958722,55.58934886,7.4558,6.9014,79.14%,0.9416,349.8
"{'criterion': 'squared_error', 'max_depth': None, 'min_samples_leaf': 2, 'min_samples_split': 10, 'n_estimators': 200}",-55.59572966,47.44951985,0.941806515,78.95238095,136.9334559,55.59572966,7.4563,6.8884,78.95%,0.9418,136.93
"{'criterion': 'friedman_mse', 'max_depth': None, 'min_samples_leaf': 2, 'min_samples_split': 10, 'n_estimators': 200}",-55.65287743,47.59769216,0.941624792,78.76190476,135.787709,55.65287743,7.4601,6.8991,78.76%,0.9416,135.79
"{'criterion': 'squared_error', 'max_depth': None, 'min_samples_leaf': 4, 'min_samples_split': 2, 'n_estimators': 100}",-62.28651672,55.87557665,0.931472552,76.61904762,64.3556819,62.28651672,7.8922,7.475,76.62%,0.9315,64.36
"{'criterion': 'squared_error', 'max_depth': None, 'min_samples_leaf': 4, 'min_samples_split': 5, 'n_estimators': 100}",-62.28651672,55.87557665,0.931472552,76.61904762,64.11230373,62.28651672,7.8922,7.475,76.62%,0.9315,64.11
"{'criterion': 'squared_error', 'max_depth': None, 'min_samples_leaf': 4, 'min_samples_split': 2, 'n_estimators': 400}",-62.38550373,55.90737271,0.931433556,76.42857143,257.6857696,62.38550373,7.8984,7.4771,76.43%,0.9314,257.69
"{'criterion': 'squared_error', 'max_depth': None, 'min_samples_leaf': 4, 'min_samples_split': 5, 'n_estimators': 400}",-62.38550373,55.90737271,0.931433556,76.42857143,256.8394697,62.38550373,7.8984,7.4771,76.43%,0.9314,256.84
"{'criterion': 'squared_error', 'max_depth': None, 'min_samples_leaf': 4, 'min_samples_split': 2, 'n_estimators': 300}",-62.38856721,55.83265526,0.931525192,76.52380952,193.2952359,62.38856721,7.8986,7.4721,76.52%,0.9315,193.3
"{'criterion': 'squared_error', 'max_depth': None, 'min_samples_leaf': 4, 'min_samples_split': 5, 'n_estimators': 300}",-62.38856721,55.83265526,0.931525192,76.52380952,192.5967965,62.38856721,7.8986,7.4721,76.52%,0.9315,192.6
"{'criterion': 'squared_error', 'max_depth': None, 'min_samples_leaf': 4, 'min_samples_split': 2, 'n_estimators': 500}",-62.40638126,55.78109066,0.931588432,76.52380952,321.1960719,62.40638126,7.8998,7.4687,76.52%,0.9316,321.2
"{'criterion': 'squared_error', 'max_depth': None, 'min_samples_leaf': 4, 'min_samples_split': 5, 'n_estimators': 500}",-62.40638126,55.78109066,0.931588432,76.52380952,320.1753085,62.40638126,7.8998,7.4687,76.52%,0.9316,320.18
"{'criterion': 'friedman_mse', 'max_depth': None, 'min_samples_leaf': 4, 'min_samples_split': 2, 'n_estimators': 500}",-62.41709555,55.60534492,0.931803972,76.80952381,321.7079113,62.41709555,7.9004,7.4569,76.81%,0.9318,321.71
"{'criterion': 'friedman_mse', 'max_depth': None, 'min_samples_leaf': 4, 'min_samples_split': 5, 'n_estimators': 500}",-62.41709555,55.60534492,0.931803972,76.80952381,320.5899808,62.41709555,7.9004,7.4569,76.81%,0.9318,320.59
"{'criterion': 'friedman_mse', 'max_depth': None, 'min_samples_leaf': 4, 'min_samples_split': 2, 'n_estimators': 400}",-62.45295138,55.68214178,0.931709786,76.61904762,257.8384783,62.45295138,7.9027,7.462,76.62%,0.9317,257.84
"{'criterion': 'friedman_mse', 'max_depth': None, 'min_samples_leaf': 4, 'min_samples_split': 5, 'n_estimators': 400}",-62.45295138,55.68214178,0.931709786,76.61904762,256.8869822,62.45295138,7.9027,7.462,76.62%,0.9317,256.89
"{'criterion': 'squared_error', 'max_depth': None, 'min_samples_leaf': 4, 'min_samples_split': 2, 'n_estimators': 200}",-62.48418072,55.8618783,0.931489352,76.61904762,128.6357884,62.48418072,7.9047,7.4741,76.62%,0.9315,128.64
"{'criterion': 'squared_error', 'max_depth': None, 'min_samples_leaf': 4, 'min_samples_split': 5, 'n_estimators': 200}",-62.48418072,55.8618783,0.931489352,76.61904762,128.2379174,62.48418072,7.9047,7.4741,76.62%,0.9315,128.24
"{'criterion': 'friedman_mse', 'max_depth': None, 'min_samples_leaf': 4, 'min_samples_split': 2, 'n_estimators': 100}",-62.49120045,55.69234424,0.931697273,76.71428571,64.12733936,62.49120045,7.9051,7.4627,76.71%,0.9317,64.13
"{'criterion': 'friedman_mse', 'max_depth': None, 'min_samples_leaf': 4, 'min_samples_split': 5, 'n_estimators': 100}",-62.49120045,55.69234424,0.931697273,76.71428571,64.39937639,62.49120045,7.9051,7.4627,76.71%,0.9317,64.4
"{'criterion': 'friedman_mse', 'max_depth': None, 'min_samples_leaf': 4, 'min_samples_split': 2, 'n_estimators': 300}",-62.52515568,55.8762372,0.931471742,76.71428571,192.6934798,62.52515568,7.9073,7.475,76.71%,0.9315,192.69
"{'criterion': 'friedman_mse', 'max_depth': None, 'min_samples_leaf': 4, 'min_samples_split': 5, 'n_estimators': 300}",-62.52515568,55.8762372,0.931471742,76.71428571,193.3933856,62.52515568,7.9073,7.475,76.71%,0.9315,193.39
"{'criterion': 'friedman_mse', 'max_depth': None, 'min_samples_leaf': 4, 'min_samples_split': 2, 'n_estimators': 200}",-62.62823657,55.89226109,0.931452089,76.61904762,128.2832358,62.62823657,7.9138,7.4761,76.62%,0.9315,128.28
"{'criterion': 'friedman_mse', 'max_depth': None, 'min_samples_leaf': 4, 'min_samples_split': 5, 'n_estimators': 200}",-62.62823657,55.89226109,0.931452089,76.61904762,128.8371832,62.62823657,7.9138,7.4761,76.62%,0.9315,128.84
"{'criterion': 'squared_error', 'max_depth': None, 'min_samples_leaf': 4, 'min_samples_split': 10, 'n_estimators': 500}",-62.95075592,55.92472383,0.931412276,76.33333333,317.7323747,62.95075592,7.9342,7.4783,76.33%,0.9314,317.73
"{'criterion': 'friedman_mse', 'max_depth': None, 'min_samples_leaf': 4, 'min_samples_split': 10, 'n_estimators': 500}",-62.95907588,56.11226131,0.931182275,76.52380952,317.4480612,62.95907588,7.9347,7.4908,76.52%,0.9312,317.45
"{'criterion': 'friedman_mse', 'max_depth': None, 'min_samples_leaf': 4, 'min_samples_split': 10, 'n_estimators': 400}",-62.98335378,56.15331273,0.931131928,76.61904762,254.0842035,62.98335378,7.9362,7.4936,76.62%,0.9311,254.08
"{'criterion': 'squared_error', 'max_depth': None, 'min_samples_leaf': 4, 'min_samples_split': 10, 'n_estimators': 400}",-62.99389709,55.82917605,0.931529459,76.47619048,254.6889927,62.99389709,7.9369,7.4719,76.48%,0.9315,254.69
"{'criterion': 'squared_error', 'max_depth': None, 'min_samples_leaf': 4, 'min_samples_split': 10, 'n_estimators': 300}",-63.01328576,55.57683462,0.931838938,76.23809524,190.9689898,63.01328576,7.9381,7.455,76.24%,0.9318,190.97
"{'criterion': 'friedman_mse', 'max_depth': None, 'min_samples_leaf': 4, 'min_samples_split': 10, 'n_estimators': 300}",-63.03725762,56.03821963,0.931273082,76.66666667,190.9165657,63.03725762,7.9396,7.4859,76.67%,0.9313,190.92
"{'criterion': 'friedman_mse', 'max_depth': None, 'min_samples_leaf': 4, 'min_samples_split': 10, 'n_estimators': 200}",-63.07315753,55.90696057,0.931434062,76.66666667,127.357039,63.07315753,7.9419,7.4771,76.67%,0.9314,127.36
"{'criterion': 'squared_error', 'max_depth': None, 'min_samples_leaf': 4, 'min_samples_split': 10, 'n_estimators': 100}",-63.11019065,55.3110414,0.932164914,76.61904762,63.60627723,63.11019065,7.9442,7.4371,76.62%,0.9322,63.61
"{'criterion': 'squared_error', 'max_depth': None, 'min_samples_leaf': 4, 'min_samples_split': 10, 'n_estimators': 200}",-63.13088938,55.5934264,0.931818589,76.38095238,127.2236366,63.13088938,7.9455,7.4561,76.38%,0.9318,127.22
"{'criterion': 'friedman_mse', 'max_depth': None, 'min_samples_leaf': 4, 'min_samples_split': 10, 'n_estimators': 100}",-63.16198523,55.67832243,0.93171447,76.71428571,63.56926346,63.16198523,7.9475,7.4618,76.71%,0.9317,63.57
"{'criterion': 'friedman_mse', 'max_depth': 20, 'min_samples_leaf': 1, 'min_samples_split': 2, 'n_estimators': 100}",-64.33209205,57.96979225,0.928904144,69.71428571,40.30662632,64.33209205,8.0207,7.6138,69.71%,0.9289,40.31
"{'criterion': 'squared_error', 'max_depth': 20, 'min_samples_leaf': 1, 'min_samples_split': 2, 'n_estimators': 100}",-64.39659846,55.52068803,0.931907798,69.71428571,40.49597001,64.39659846,8.0247,7.4512,69.71%,0.9319,40.5
"{'criterion': 'friedman_mse', 'max_depth': 20, 'min_samples_leaf': 1, 'min_samples_split': 2, 'n_estimators': 400}",-64.48985179,56.65456938,0.930517172,69.57142857,161.9791887,64.48985179,8.0306,7.5269,69.57%,0.9305,161.98
"{'criterion': 'friedman_mse', 'max_depth': 20, 'min_samples_leaf': 1, 'min_samples_split': 2, 'n_estimators': 500}",-64.5391025,56.66709013,0.930501816,69.57142857,204.4738352,64.5391025,8.0336,7.5278,69.57%,0.9305,204.47
"{'criterion': 'friedman_mse', 'max_depth': 20, 'min_samples_leaf': 1, 'min_samples_split': 2, 'n_estimators': 300}",-64.61926662,56.88242173,0.930237727,69.57142857,121.6971705,64.61926662,8.0386,7.542,69.57%,0.9302,121.7
"{'criterion': 'squared_error', 'max_depth': 20, 'min_samples_leaf': 1, 'min_samples_split': 2, 'n_estimators': 500}",-64.65406851,55.67749741,0.931715482,69.61904762,202.1550286,64.65406851,8.0408,7.4617,69.62%,0.9317,202.16
"{'criterion': 'squared_error', 'max_depth': 20, 'min_samples_leaf': 1, 'min_samples_split': 2, 'n_estimators': 300}",-64.72318515,56.03455165,0.93127758,69.38095238,121.2883039,64.72318515,8.0451,7.4856,69.38%,0.9313,121.29
"{'criterion': 'squared_error', 'max_depth': 20, 'min_samples_leaf': 1, 'min_samples_split': 2, 'n_estimators': 400}",-64.74416422,55.61940147,0.931786732,69.28571429,161.6578126,64.74416422,8.0464,7.4578,69.29%,0.9318,161.66
"{'criterion': 'squared_error', 'max_depth': 20, 'min_samples_leaf': 1, 'min_samples_split': 2, 'n_estimators': 200}",-64.84815795,55.84862464,0.931505606,69.61904762,80.9081676,64.84815795,8.0528,7.4732,69.62%,0.9315,80.91
"{'criterion': 'friedman_mse', 'max_depth': 20, 'min_samples_leaf': 1, 'min_samples_split': 2, 'n_estimators': 200}",-64.90406111,57.63820429,0.929310813,69.80952381,80.5611732,64.90406111,8.0563,7.592,69.81%,0.9293,80.56
"{'criterion': 'squared_error', 'max_depth': 20, 'min_samples_leaf': 1, 'min_samples_split': 5, 'n_estimators': 100}",-65.70855099,58.24160084,0.92857079,68.80952381,38.90108085,65.70855099,8.1061,7.6316,68.81%,0.9286,38.9
"{'criterion': 'squared_error', 'max_depth': 20, 'min_samples_leaf': 1, 'min_samples_split': 5, 'n_estimators': 300}",-65.84897216,57.97294916,0.928900272,69.04761905,116.722702,65.84897216,8.1147,7.614,69.05%,0.9289,116.72
"{'criterion': 'squared_error', 'max_depth': 20, 'min_samples_leaf': 1, 'min_samples_split': 5, 'n_estimators': 400}",-65.90677016,57.6768164,0.929263458,68.95238095,155.5028429,65.90677016,8.1183,7.5945,68.95%,0.9293,155.5
"{'criterion': 'squared_error', 'max_depth': 20, 'min_samples_leaf': 1, 'min_samples_split': 5, 'n_estimators': 500}",-65.9334439,57.43326864,0.929562152,69.0952381,194.485069,65.9334439,8.1199,7.5785,69.10%,0.9296,194.49
"{'criterion': 'squared_error', 'max_depth': 20, 'min_samples_leaf': 1, 'min_samples_split': 5, 'n_estimators': 200}",-66.04936311,58.81075188,0.927872767,69.33333333,77.83850884,66.04936311,8.1271,7.6688,69.33%,0.9279,77.84
"{'criterion': 'friedman_mse', 'max_depth': 20, 'min_samples_leaf': 1, 'min_samples_split': 5, 'n_estimators': 500}",-66.04961388,57.27053731,0.929761731,69.28571429,194.6619422,66.04961388,8.1271,7.5677,69.29%,0.9298,194.66
"{'criterion': 'friedman_mse', 'max_depth': 20, 'min_samples_leaf': 1, 'min_samples_split': 5, 'n_estimators': 400}",-66.05708314,57.04911222,0.930033293,69.04761905,156.4277475,66.05708314,8.1276,7.5531,69.05%,0.93,156.43
"{'criterion': 'friedman_mse', 'max_depth': 20, 'min_samples_leaf': 1, 'min_samples_split': 5, 'n_estimators': 100}",-66.17546477,58.12528663,0.928713441,69.33333333,38.93180895,66.17546477,8.1348,7.624,69.33%,0.9287,38.93
"{'criterion': 'friedman_mse', 'max_depth': 20, 'min_samples_leaf': 1, 'min_samples_split': 5, 'n_estimators': 300}",-66.21510401,57.04352248,0.930040149,69.23809524,116.7838492,66.21510401,8.1373,7.5527,69.24%,0.93,116.78
"{'criterion': 'friedman_mse', 'max_depth': 20, 'min_samples_leaf': 1, 'min_samples_split': 5, 'n_estimators': 200}",-66.46850272,57.54042671,0.929430731,69.28571429,77.78272653,66.46850272,8.1528,7.5855,69.29%,0.9294,77.78
"{'criterion': 'squared_error', 'max_depth': 20, 'min_samples_leaf': 1, 'min_samples_split': 10, 'n_estimators': 100}",-67.62261907,59.96434239,0.926457969,67.95238095,38.02009726,67.62261907,8.2233,7.7437,67.95%,0.9265,38.02
"{'criterion': 'friedman_mse', 'max_depth': 20, 'min_samples_leaf': 2, 'min_samples_split': 2, 'n_estimators': 100}",-67.73432009,62.19567691,0.923721395,68.28571429,38.55729961,67.73432009,8.2301,7.8864,68.29%,0.9237,38.56
"{'criterion': 'squared_error', 'max_depth': 20, 'min_samples_leaf': 1, 'min_samples_split': 10, 'n_estimators': 300}",-67.78752355,60.76526333,0.925475696,68.61904762,113.7464714,67.78752355,8.2333,7.7952,68.62%,0.9255,113.75
"{'criterion': 'friedman_mse', 'max_depth': 20, 'min_samples_leaf': 1, 'min_samples_split': 10, 'n_estimators': 100}",-67.84588332,60.53524305,0.9257578,68.14285714,38.72317791,67.84588332,8.2369,7.7804,68.14%,0.9258,38.72
"{'criterion': 'squared_error', 'max_depth': 20, 'min_samples_leaf': 2, 'min_samples_split': 2, 'n_estimators': 300}",-67.85697627,61.6583747,0.924380358,68.0952381,115.3011653,67.85697627,8.2375,7.8523,68.10%,0.9244,115.3
"{'criterion': 'squared_error', 'max_depth': 20, 'min_samples_leaf': 1, 'min_samples_split': 10, 'n_estimators': 400}",-67.90232435,60.65905628,0.925605952,68.42857143,151.6753743,67.90232435,8.2403,7.7884,68.43%,0.9256,151.68
"{'criterion': 'squared_error', 'max_depth': 20, 'min_samples_leaf': 2, 'min_samples_split': 5, 'n_estimators': 100}",-67.94471421,62.03703884,0.923915953,68.28571429,38.26970506,67.94471421,8.2429,7.8764,68.29%,0.9239,38.27
"{'criterion': 'squared_error', 'max_depth': 20, 'min_samples_leaf': 1, 'min_samples_split': 10, 'n_estimators': 200}",-67.96721199,61.7696521,0.924243884,68.23809524,75.94050884,67.96721199,8.2442,7.8594,68.24%,0.9242,75.94
"{'criterion': 'squared_error', 'max_depth': 20, 'min_samples_leaf': 2, 'min_samples_split': 2, 'n_estimators': 500}",-67.9729768,61.1834928,0.924962767,68.71428571,192.4194133,67.9729768,8.2446,7.822,68.71%,0.925,192.42
"{'criterion': 'squared_error', 'max_depth': 20, 'min_samples_leaf': 2, 'min_samples_split': 2, 'n_estimators': 400}",-67.97745449,61.41958982,0.924673211,68.14285714,155.0808985,67.97745449,8.2448,7.8371,68.14%,0.9247,155.08
"{'criterion': 'squared_error', 'max_depth': 20, 'min_samples_leaf': 1, 'min_samples_split': 10, 'n_estimators': 500}",-67.98615659,60.57625556,0.925707501,68.61904762,189.668705,67.98615659,8.2454,7.7831,68.62%,0.9257,189.67
"{'criterion': 'friedman_mse', 'max_depth': 20, 'min_samples_leaf': 1, 'min_samples_split': 10, 'n_estimators': 300}",-68.00995318,60.86897247,0.925348504,68.57142857,115.006181,68.00995318,8.2468,7.8019,68.57%,0.9253,115.01
"{'criterion': 'friedman_mse', 'max_depth': 20, 'min_samples_leaf': 1, 'min_samples_split': 10, 'n_estimators': 400}",-68.0132298,60.76466732,0.925476427,68.47619048,152.0930598,68.0132298,8.247,7.7952,68.48%,0.9255,152.09
"{'criterion': 'friedman_mse', 'max_depth': 20, 'min_samples_leaf': 2, 'min_samples_split': 2, 'n_estimators': 300}",-68.05334875,61.85621646,0.924137719,68.19047619,115.5964222,68.05334875,8.2494,7.8649,68.19%,0.9241,115.6
"{'criterion': 'squared_error', 'max_depth': 20, 'min_samples_leaf': 2, 'min_samples_split': 2, 'n_estimators': 100}",-68.0675543,60.469229,0.925838762,68.76190476,38.50840402,68.0675543,8.2503,7.7762,68.76%,0.9258,38.51
"{'criterion': 'friedman_mse', 'max_depth': 20, 'min_samples_leaf': 1, 'min_samples_split': 10, 'n_estimators': 500}",-68.07498253,60.62946628,0.925642242,68.61904762,189.9655981,68.07498253,8.2508,7.7865,68.62%,0.9256,189.97
"{'criterion': 'friedman_mse', 'max_depth': 20, 'min_samples_leaf': 1, 'min_samples_split': 10, 'n_estimators': 200}",-68.12041585,61.59488881,0.924458219,68.14285714,77.42666197,68.12041585,8.2535,7.8482,68.14%,0.9245,77.43
"{'criterion': 'friedman_mse', 'max_depth': 20, 'min_samples_leaf': 2, 'min_samples_split': 2, 'n_estimators': 400}",-68.1449681,61.48379104,0.924594473,68.23809524,154.1749103,68.1449681,8.255,7.8412,68.24%,0.9246,154.17
"{'criterion': 'friedman_mse', 'max_depth': 20, 'min_samples_leaf': 2, 'min_samples_split': 5, 'n_estimators': 100}",-68.15220624,62.37724256,0.923498718,68.23809524,38.31383729,68.15220624,8.2554,7.8979,68.24%,0.9235,38.31
"{'criterion': 'friedman_mse', 'max_depth': 20, 'min_samples_leaf': 2, 'min_samples_split': 2, 'n_estimators': 500}",-68.17069839,61.06047819,0.925113636,68.52380952,192.7291033,68.17069839,8.2566,7.8141,68.52%,0.9251,192.73
"{'criterion': 'squared_error', 'max_depth': 20, 'min_samples_leaf': 2, 'min_samples_split': 2, 'n_estimators': 200}",-68.24891732,61.05234486,0.925123611,68.14285714,76.82616019,68.24891732,8.2613,7.8136,68.14%,0.9251,76.83
"{'criterion': 'friedman_mse', 'max_depth': 20, 'min_samples_leaf': 2, 'min_samples_split': 5, 'n_estimators': 400}",-68.37865317,61.00709098,0.925179112,68.42857143,152.6539035,68.37865317,8.2691,7.8107,68.43%,0.9252,152.65
"{'criterion': 'friedman_mse', 'max_depth': 20, 'min_samples_leaf': 2, 'min_samples_split': 5, 'n_estimators': 300}",-68.40474694,60.7780855,0.925459971,68.14285714,114.6259115,68.40474694,8.2707,7.796,68.14%,0.9255,114.63
"{'criterion': 'squared_error', 'max_depth': 20, 'min_samples_leaf': 2, 'min_samples_split': 5, 'n_estimators': 500}",-68.42001248,62.0151254,0.923942829,68.04761905,190.9153719,68.42001248,8.2716,7.875,68.05%,0.9239,190.92
"{'criterion': 'squared_error', 'max_depth': 20, 'min_samples_leaf': 2, 'min_samples_split': 5, 'n_estimators': 400}",-68.42871305,61.98053878,0.923985247,68,152.5712929,68.42871305,8.2722,7.8728,68.00%,0.924,152.57
"{'criterion': 'squared_error', 'max_depth': 20, 'min_samples_leaf': 2, 'min_samples_split': 5, 'n_estimators': 300}",-68.43003994,61.93602373,0.924039841,67.95238095,114.3370805,68.43003994,8.2722,7.8699,67.95%,0.924,114.34
"{'criterion': 'friedman_mse', 'max_depth': 20, 'min_samples_leaf': 2, 'min_samples_split': 2, 'n_estimators': 200}",-68.44829879,62.10585936,0.92383155,68.71428571,77.05102205,68.44829879,8.2733,7.8807,68.71%,0.9238,77.05
"{'criterion': 'friedman_mse', 'max_depth': 20, 'min_samples_leaf': 2, 'min_samples_split': 5, 'n_estimators': 500}",-68.48834814,61.15273535,0.925000489,68.38095238,190.6779389,68.48834814,8.2758,7.82,68.38%,0.925,190.68
"{'criterion': 'squared_error', 'max_depth': 20, 'min_samples_leaf': 2, 'min_samples_split': 5, 'n_estimators': 200}",-68.57655404,62.02507773,0.923930623,68.33333333,76.44928765,68.57655404,8.2811,7.8756,68.33%,0.9239,76.45
"{'criterion': 'friedman_mse', 'max_depth': 20, 'min_samples_leaf': 2, 'min_samples_split': 5, 'n_estimators': 200}",-68.61005744,61.20658245,0.92493445,68.71428571,76.44680095,68.61005744,8.2831,7.8235,68.71%,0.9249,76.45
"{'criterion': 'squared_error', 'max_depth': 20, 'min_samples_leaf': 2, 'min_samples_split': 10, 'n_estimators': 100}",-69.67320398,66.33644093,0.91864304,67.80952381,37.41748285,69.67320398,8.347,8.1447,67.81%,0.9186,37.42
"{'criterion': 'friedman_mse', 'max_depth': 20, 'min_samples_leaf': 2, 'min_samples_split': 10, 'n_estimators': 100}",-69.67763958,64.32432539,0.921110758,67.61904762,37.39187217,69.67763958,8.3473,8.0202,67.62%,0.9211,37.39
"{'criterion': 'squared_error', 'max_depth': 20, 'min_samples_leaf': 2, 'min_samples_split': 10, 'n_estimators': 300}",-69.80269598,65.90332313,0.919174229,67.57142857,112.1042573,69.80269598,8.3548,8.1181,67.57%,0.9192,112.1
"{'criterion': 'squared_error', 'max_depth': 20, 'min_samples_leaf': 2, 'min_samples_split': 10, 'n_estimators': 500}",-69.8031451,65.19272125,0.920045732,67.95238095,186.5129409,69.8031451,8.3548,8.0742,67.95%,0.92,186.51
"{'criterion': 'squared_error', 'max_depth': 20, 'min_samples_leaf': 2, 'min_samples_split': 10, 'n_estimators': 400}",-69.85862364,65.71162626,0.919409332,67.85714286,149.2780311,69.85862364,8.3581,8.1063,67.86%,0.9194,149.28
"{'criterion': 'squared_error', 'max_depth': 20, 'min_samples_leaf': 2, 'min_samples_split': 10, 'n_estimators': 200}",-69.92901449,65.88945049,0.919191243,68.04761905,74.75610971,69.92901449,8.3624,8.1172,68.05%,0.9192,74.76
"{'criterion': 'friedman_mse', 'max_depth': 20, 'min_samples_leaf': 2, 'min_samples_split': 10, 'n_estimators': 500}",-69.92993455,63.95238303,0.921566919,67.76190476,186.734122,69.92993455,8.3624,7.997,67.76%,0.9216,186.73
"{'criterion': 'friedman_mse', 'max_depth': 20, 'min_samples_leaf': 2, 'min_samples_split': 10, 'n_estimators': 300}",-70.00063063,64.4762485,0.920924435,67.66666667,112.036345,70.00063063,8.3666,8.0297,67.67%,0.9209,112.04
"{'criterion': 'friedman_mse', 'max_depth': 20, 'min_samples_leaf': 2, 'min_samples_split': 10, 'n_estimators': 400}",-70.01046867,64.17779764,0.921290464,67.71428571,149.4233384,70.01046867,8.3672,8.0111,67.71%,0.9213,149.42
"{'criterion': 'friedman_mse', 'max_depth': 20, 'min_samples_leaf': 2, 'min_samples_split': 10, 'n_estimators': 200}",-70.10066023,64.0425361,0.921456353,68,74.72162318,70.10066023,8.3726,8.0027,68.00%,0.9215,74.72
"{'criterion': 'squared_error', 'max_depth': 20, 'min_samples_leaf': 4, 'min_samples_split': 2, 'n_estimators': 100}",-74.46954044,71.33281149,0.912515345,66.66666667,36.78174162,74.46954044,8.6296,8.4459,66.67%,0.9125,36.78
"{'criterion': 'squared_error', 'max_depth': 20, 'min_samples_leaf': 4, 'min_samples_split': 5, 'n_estimators': 100}",-74.46954044,71.33281149,0.912515345,66.66666667,36.89105868,74.46954044,8.6296,8.4459,66.67%,0.9125,36.89
"{'criterion': 'friedman_mse', 'max_depth': 20, 'min_samples_leaf': 4, 'min_samples_split': 2, 'n_estimators': 100}",-74.84052294,70.58561637,0.913431727,66.71428571,36.82176447,74.84052294,8.651,8.4015,66.71%,0.9134,36.82
"{'criterion': 'friedman_mse', 'max_depth': 20, 'min_samples_leaf': 4, 'min_samples_split': 5, 'n_estimators': 100}",-74.84052294,70.58561637,0.913431727,66.71428571,36.71677899,74.84052294,8.651,8.4015,66.71%,0.9134,36.72
"{'criterion': 'squared_error', 'max_depth': 20, 'min_samples_leaf': 4, 'min_samples_split': 2, 'n_estimators': 500}",-74.85534758,71.19451609,0.912684954,66.0952381,184.3765621,74.85534758,8.6519,8.4377,66.10%,0.9127,184.38
"{'criterion': 'squared_error', 'max_depth': 20, 'min_samples_leaf': 4, 'min_samples_split': 5, 'n_estimators': 500}",-74.85534758,71.19451609,0.912684954,66.0952381,184.0699592,74.85534758,8.6519,8.4377,66.10%,0.9127,184.07
"{'criterion': 'squared_error', 'max_depth': 20, 'min_samples_leaf': 4, 'min_samples_split': 2, 'n_estimators': 300}",-74.95539991,71.28148039,0.912578299,66.04761905,110.6159632,74.95539991,8.6577,8.4428,66.05%,0.9126,110.62
"{'criterion': 'squared_error', 'max_depth': 20, 'min_samples_leaf': 4, 'min_samples_split': 5, 'n_estimators': 300}",-74.95539991,71.28148039,0.912578299,66.04761905,110.6651888,74.95539991,8.6577,8.4428,66.05%,0.9126,110.67
"{'criterion': 'squared_error', 'max_depth': 20, 'min_samples_leaf': 4, 'min_samples_split': 2, 'n_estimators': 400}",-74.99885604,71.37974136,0.912457789,66,147.4594476,74.99885604,8.6602,8.4487,66.00%,0.9125,147.46
"{'criterion': 'squared_error', 'max_depth': 20, 'min_samples_leaf': 4, 'min_samples_split': 5, 'n_estimators': 400}",-74.99885604,71.37974136,0.912457789,66,147.2193642,74.99885604,8.6602,8.4487,66.00%,0.9125,147.22
"{'criterion': 'squared_error', 'max_depth': 20, 'min_samples_leaf': 4, 'min_samples_split': 10, 'n_estimators': 100}",-75.02462558,71.25606939,0.912609464,65.76190476,36.66019583,75.02462558,8.6617,8.4413,65.76%,0.9126,36.66
"{'criterion': 'friedman_mse', 'max_depth': 20, 'min_samples_leaf': 4, 'min_samples_split': 2, 'n_estimators': 500}",-75.09810636,70.95756993,0.912975552,66.38095238,183.8033984,75.09810636,8.6659,8.4236,66.38%,0.913,183.8
"{'criterion': 'friedman_mse', 'max_depth': 20, 'min_samples_leaf': 4, 'min_samples_split': 5, 'n_estimators': 500}",-75.09810636,70.95756993,0.912975552,66.38095238,183.6952415,75.09810636,8.6659,8.4236,66.38%,0.913,183.7
"{'criterion': 'squared_error', 'max_depth': 20, 'min_samples_leaf': 4, 'min_samples_split': 2, 'n_estimators': 200}",-75.10425748,71.40207177,0.912430402,66.85714286,73.80189466,75.10425748,8.6663,8.45,66.86%,0.9124,73.8
"{'criterion': 'squared_error', 'max_depth': 20, 'min_samples_leaf': 4, 'min_samples_split': 5, 'n_estimators': 200}",-75.10425748,71.40207177,0.912430402,66.85714286,73.76232243,75.10425748,8.6663,8.45,66.86%,0.9124,73.76
"{'criterion': 'friedman_mse', 'max_depth': 20, 'min_samples_leaf': 4, 'min_samples_split': 10, 'n_estimators': 100}",-75.19355324,71.09776603,0.912803612,66.19047619,36.54193354,75.19355324,8.6714,8.4319,66.19%,0.9128,36.54
"{'criterion': 'squared_error', 'max_depth': 20, 'min_samples_leaf': 4, 'min_samples_split': 10, 'n_estimators': 300}",-75.24281477,71.51665663,0.912289872,65.57142857,109.9646547,75.24281477,8.6743,8.4568,65.57%,0.9123,109.96
"{'criterion': 'friedman_mse', 'max_depth': 20, 'min_samples_leaf': 4, 'min_samples_split': 2, 'n_estimators': 400}",-75.27145454,71.22769141,0.912644267,66.23809524,147.3403563,75.27145454,8.6759,8.4396,66.24%,0.9126,147.34
"{'criterion': 'friedman_mse', 'max_depth': 20, 'min_samples_leaf': 4, 'min_samples_split': 5, 'n_estimators': 400}",-75.27145454,71.22769141,0.912644267,66.23809524,147.1493356,75.27145454,8.6759,8.4396,66.24%,0.9126,147.15
"{'criterion': 'friedman_mse', 'max_depth': 20, 'min_samples_leaf': 4, 'min_samples_split': 2, 'n_estimators': 300}",-75.27257068,70.89293437,0.913054823,66.28571429,110.5187657,75.27257068,8.676,8.4198,66.29%,0.9131,110.52
"{'criterion': 'friedman_mse', 'max_depth': 20, 'min_samples_leaf': 4, 'min_samples_split': 5, 'n_estimators': 300}",-75.27257068,70.89293437,0.913054823,66.28571429,110.3501468,75.27257068,8.676,8.4198,66.29%,0.9131,110.35
"{'criterion': 'friedman_mse', 'max_depth': 20, 'min_samples_leaf': 4, 'min_samples_split': 10, 'n_estimators': 300}",-75.32599703,71.24250977,0.912626094,65.66666667,109.6507301,75.32599703,8.6791,8.4405,65.67%,0.9126,109.65
"{'criterion': 'squared_error', 'max_depth': 20, 'min_samples_leaf': 4, 'min_samples_split': 10, 'n_estimators': 400}",-75.41570385,71.67705795,0.912093151,65.76190476,146.5337923,75.41570385,8.6842,8.4662,65.76%,0.9121,146.53
"{'criterion': 'squared_error', 'max_depth': 20, 'min_samples_leaf': 4, 'min_samples_split': 10, 'n_estimators': 500}",-75.42994111,71.91073188,0.911806566,66,182.3571022,75.42994111,8.685,8.48,66.00%,0.9118,182.36
"{'criterion': 'squared_error', 'max_depth': 20, 'min_samples_leaf': 4, 'min_samples_split': 10, 'n_estimators': 200}",-75.44220323,71.62864767,0.912152523,65.71428571,73.28409195,75.44220323,8.6857,8.4634,65.71%,0.9122,73.28
"{'criterion': 'friedman_mse', 'max_depth': 20, 'min_samples_leaf': 4, 'min_samples_split': 2, 'n_estimators': 200}",-75.44437009,71.19005882,0.912690421,66.95238095,73.70184755,75.44437009,8.6859,8.4374,66.95%,0.9127,73.7
"{'criterion': 'friedman_mse', 'max_depth': 20, 'min_samples_leaf': 4, 'min_samples_split': 5, 'n_estimators': 200}",-75.44437009,71.19005882,0.912690421,66.95238095,73.36589193,75.44437009,8.6859,8.4374,66.95%,0.9127,73.37
"{'criterion': 'friedman_mse', 'max_depth': 20, 'min_samples_leaf': 4, 'min_samples_split': 10, 'n_estimators': 500}",-75.47289075,71.56535722,0.912230144,66.04761905,182.5917227,75.47289075,8.6875,8.4596,66.05%,0.9122,182.59
"{'criterion': 'friedman_mse', 'max_depth': 20, 'min_samples_leaf': 4, 'min_samples_split': 10, 'n_estimators': 400}",-75.50303271,71.4515619,0.912369706,66.0952381,146.3151829,75.50303271,8.6892,8.4529,66.10%,0.9124,146.32
"{'criterion': 'friedman_mse', 'max_depth': 20, 'min_samples_leaf': 4, 'min_samples_split': 10, 'n_estimators': 200}",-75.51871617,71.38626488,0.912449788,65.57142857,73.07663655,75.51871617,8.6902,8.449,65.57%,0.9124,73.08
"{'criterion': 'friedman_mse', 'max_depth': 10, 'min_samples_leaf': 1, 'min_samples_split': 2, 'n_estimators': 100}",-120.8992374,116.7088955,0.856864783,49.0952381,21.63954377,120.8992374,10.9954,10.8032,49.10%,0.8569,21.64
"{'criterion': 'squared_error', 'max_depth': 10, 'min_samples_leaf': 1, 'min_samples_split': 2, 'n_estimators': 100}",-121.2269564,116.8726053,0.856664004,49.04761905,21.63146138,121.2269564,11.0103,10.8108,49.05%,0.8567,21.63
"{'criterion': 'squared_error', 'max_depth': 10, 'min_samples_leaf': 1, 'min_samples_split': 2, 'n_estimators': 300}",-122.2203946,118.3492342,0.854853023,48.19047619,64.80312419,122.2203946,11.0553,10.8788,48.19%,0.8549,64.8
"{'criterion': 'friedman_mse', 'max_depth': 10, 'min_samples_leaf': 1, 'min_samples_split': 2, 'n_estimators': 300}",-122.2511947,118.4853472,0.85468609,48.33333333,64.76695085,122.2511947,11.0567,10.8851,48.33%,0.8547,64.77
"{'criterion': 'friedman_mse', 'max_depth': 10, 'min_samples_leaf': 1, 'min_samples_split': 5, 'n_estimators': 100}",-122.2513566,118.8615203,0.85422474,48.95238095,21.53749943,122.2513566,11.0567,10.9024,48.95%,0.8542,21.54
"{'criterion': 'squared_error', 'max_depth': 10, 'min_samples_leaf': 1, 'min_samples_split': 5, 'n_estimators': 100}",-122.3765169,119.6171872,0.853297968,48.95238095,21.53635049,122.3765169,11.0624,10.937,48.95%,0.8533,21.54
"{'criterion': 'squared_error', 'max_depth': 10, 'min_samples_leaf': 2, 'min_samples_split': 2, 'n_estimators': 100}",-122.4521125,120.2452174,0.852527734,48.85714286,21.5375514,122.4521125,11.0658,10.9656,48.86%,0.8525,21.54
"{'criterion': 'friedman_mse', 'max_depth': 10, 'min_samples_leaf': 1, 'min_samples_split': 2, 'n_estimators': 200}",-122.464996,117.8949288,0.855410197,48.38095238,43.16238928,122.464996,11.0664,10.8579,48.38%,0.8554,43.16
"{'criterion': 'friedman_mse', 'max_depth': 10, 'min_samples_leaf': 2, 'min_samples_split': 2, 'n_estimators': 100}",-122.491044,120.003944,0.852823638,49.19047619,21.50683737,122.491044,11.0676,10.9546,49.19%,0.8528,21.51
"{'criterion': 'squared_error', 'max_depth': 10, 'min_samples_leaf': 1, 'min_samples_split': 2, 'n_estimators': 400}",-122.5588714,119.1515666,0.853869019,47.95238095,86.31249833,122.5588714,11.0706,10.9157,47.95%,0.8539,86.31
"{'criterion': 'squared_error', 'max_depth': 10, 'min_samples_leaf': 1, 'min_samples_split': 2, 'n_estimators': 200}",-122.5645123,118.4010598,0.854789463,48.28571429,43.2153542,122.5645123,11.0709,10.8812,48.29%,0.8548,43.22
"{'criterion': 'friedman_mse', 'max_depth': 10, 'min_samples_leaf': 1, 'min_samples_split': 2, 'n_estimators': 400}",-122.6162893,119.4322464,0.853524785,47.9047619,86.31202149,122.6162893,11.0732,10.9285,47.90%,0.8535,86.31
"{'criterion': 'squared_error', 'max_depth': 10, 'min_samples_leaf': 1, 'min_samples_split': 2, 'n_estimators': 500}",-122.647985,119.5447531,0.853386804,48.0952381,107.8397908,122.647985,11.0747,10.9337,48.10%,0.8534,107.84
"{'criterion': 'squared_error', 'max_depth': 10, 'min_samples_leaf': 1, 'min_samples_split': 5, 'n_estimators': 300}",-122.7764787,119.7459309,0.853140073,48.42857143,64.40046,122.7764787,11.0805,10.9428,48.43%,0.8531,64.4
"{'criterion': 'friedman_mse', 'max_depth': 10, 'min_samples_leaf': 1, 'min_samples_split': 2, 'n_estimators': 500}",-122.7953264,119.7966185,0.853077909,48.14285714,107.8756502,122.7953264,11.0813,10.9452,48.14%,0.8531,107.88
"{'criterion': 'friedman_mse', 'max_depth': 10, 'min_samples_leaf': 1, 'min_samples_split': 5, 'n_estimators': 300}",-122.8531259,119.2730038,0.853720085,48.38095238,64.41398597,122.8531259,11.0839,10.9212,48.38%,0.8537,64.41
"{'criterion': 'squared_error', 'max_depth': 10, 'min_samples_leaf': 2, 'min_samples_split': 5, 'n_estimators': 100}",-123.1619715,119.4776573,0.853469092,49.23809524,21.45867157,123.1619715,11.0978,10.9306,49.24%,0.8535,21.46
"{'criterion': 'squared_error', 'max_depth': 10, 'min_samples_leaf': 1, 'min_samples_split': 10, 'n_estimators': 100}",-123.1859636,120.4047885,0.852332031,48.80952381,21.43440437,123.1859636,11.0989,10.9729,48.81%,0.8523,21.43
"{'criterion': 'friedman_mse', 'max_depth': 10, 'min_samples_leaf': 1, 'min_samples_split': 10, 'n_estimators': 100}",-123.1993647,120.1176487,0.852684188,48.85714286,21.41538811,123.1993647,11.0995,10.9598,48.86%,0.8527,21.42
"{'criterion': 'squared_error', 'max_depth': 10, 'min_samples_leaf': 1, 'min_samples_split': 5, 'n_estimators': 400}",-123.2499517,120.2787872,0.852486563,48.04761905,85.84803772,123.2499517,11.1018,10.9672,48.05%,0.8525,85.85
"{'criterion': 'friedman_mse', 'max_depth': 10, 'min_samples_leaf': 2, 'min_samples_split': 2, 'n_estimators': 300}",-123.2543253,120.3492532,0.852400141,48.47619048,64.43514514,123.2543253,11.102,10.9704,48.48%,0.8524,64.44
"{'criterion': 'friedman_mse', 'max_depth': 10, 'min_samples_leaf': 2, 'min_samples_split': 5, 'n_estimators': 100}",-123.2552916,119.3484642,0.853627538,49.28571429,21.4930656,123.2552916,11.102,10.9247,49.29%,0.8536,21.49
"{'criterion': 'squared_error', 'max_depth': 10, 'min_samples_leaf': 1, 'min_samples_split': 5, 'n_estimators': 200}",-123.3194013,119.3286608,0.853651826,48.42857143,42.95744538,123.3194013,11.1049,10.9238,48.43%,0.8537,42.96
"{'criterion': 'friedman_mse', 'max_depth': 10, 'min_samples_leaf': 1, 'min_samples_split': 5, 'n_estimators': 200}",-123.3310799,119.1775701,0.853837128,48.52380952,43.02229071,123.3310799,11.1055,10.9168,48.52%,0.8538,43.02
"{'criterion': 'friedman_mse', 'max_depth': 10, 'min_samples_leaf': 1, 'min_samples_split': 5, 'n_estimators': 400}",-123.3429024,119.9804654,0.852852433,48.0952381,85.86455798,123.3429024,11.106,10.9536,48.10%,0.8529,85.86
"{'criterion': 'squared_error', 'max_depth': 10, 'min_samples_leaf': 2, 'min_samples_split': 2, 'n_estimators': 300}",-123.4064678,120.643444,0.852039337,48.47619048,64.4352777,123.4064678,11.1088,10.9838,48.48%,0.852,64.44
"{'criterion': 'squared_error', 'max_depth': 10, 'min_samples_leaf': 1, 'min_samples_split': 5, 'n_estimators': 500}",-123.4465217,120.7131426,0.851953857,48.14285714,107.3209856,123.4465217,11.1106,10.987,48.14%,0.852,107.32
"{'criterion': 'friedman_mse', 'max_depth': 10, 'min_samples_leaf': 2, 'min_samples_split': 2, 'n_estimators': 200}",-123.5344061,120.6561827,0.852023714,48.52380952,42.95513225,123.5344061,11.1146,10.9844,48.52%,0.852,42.96
"{'criterion': 'squared_error', 'max_depth': 10, 'min_samples_leaf': 2, 'min_samples_split': 2, 'n_estimators': 200}",-123.5345157,121.0458899,0.851545765,48.66666667,42.98576021,123.5345157,11.1146,11.0021,48.67%,0.8515,42.99
"{'criterion': 'friedman_mse', 'max_depth': 10, 'min_samples_leaf': 1, 'min_samples_split': 5, 'n_estimators': 500}",-123.5382808,120.3952429,0.852343738,48.0952381,107.3370206,123.5382808,11.1148,10.9725,48.10%,0.8523,107.34
"{'criterion': 'friedman_mse', 'max_depth': 10, 'min_samples_leaf': 2, 'min_samples_split': 2, 'n_estimators': 400}",-123.6884297,120.8115521,0.851833164,48.14285714,85.82028604,123.6884297,11.1215,10.9914,48.14%,0.8518,85.82
"{'criterion': 'friedman_mse', 'max_depth': 10, 'min_samples_leaf': 2, 'min_samples_split': 2, 'n_estimators': 500}",-123.7991962,121.1609558,0.851404645,48.19047619,107.2968817,123.7991962,11.1265,11.0073,48.19%,0.8514,107.3
"{'criterion': 'friedman_mse', 'max_depth': 10, 'min_samples_leaf': 1, 'min_samples_split': 10, 'n_estimators': 300}",-123.8398916,120.1135115,0.852689262,48.28571429,64.2463367,123.8398916,11.1283,10.9596,48.29%,0.8527,64.25
"{'criterion': 'friedman_mse', 'max_depth': 10, 'min_samples_leaf': 2, 'min_samples_split': 5, 'n_estimators': 300}",-123.8416033,120.6325659,0.852052678,48.0952381,64.2597959,123.8416033,11.1284,10.9833,48.10%,0.8521,64.26
"{'criterion': 'squared_error', 'max_depth': 10, 'min_samples_leaf': 2, 'min_samples_split': 2, 'n_estimators': 400}",-123.8434723,120.9013748,0.851723003,48.28571429,85.79682064,123.8434723,11.1285,10.9955,48.29%,0.8517,85.8
"{'criterion': 'squared_error', 'max_depth': 10, 'min_samples_leaf': 1, 'min_samples_split': 10, 'n_estimators': 300}",-123.8482377,120.3169909,0.852439709,48.14285714,64.14302492,123.8482377,11.1287,10.9689,48.14%,0.8524,64.14
"{'criterion': 'squared_error', 'max_depth': 10, 'min_samples_leaf': 1, 'min_samples_split': 10, 'n_estimators': 200}",-123.8529734,120.3910963,0.852348823,48.57142857,42.78118277,123.8529734,11.1289,10.9723,48.57%,0.8523,42.78
"{'criterion': 'squared_error', 'max_depth': 10, 'min_samples_leaf': 2, 'min_samples_split': 2, 'n_estimators': 500}",-123.9077098,121.2391005,0.851308806,48.19047619,107.1217372,123.9077098,11.1314,11.0109,48.19%,0.8513,107.12
"{'criterion': 'squared_error', 'max_depth': 10, 'min_samples_leaf': 2, 'min_samples_split': 5, 'n_estimators': 300}",-123.9218051,121.0744912,0.851510688,48.23809524,64.27798748,123.9218051,11.132,11.0034,48.24%,0.8515,64.28
"{'criterion': 'friedman_mse', 'max_depth': 10, 'min_samples_leaf': 1, 'min_samples_split': 10, 'n_estimators': 200}",-123.9243976,120.2629777,0.852505952,48.47619048,42.78177071,123.9243976,11.1321,10.9664,48.48%,0.8525,42.78
"{'criterion': 'friedman_mse', 'max_depth': 10, 'min_samples_leaf': 2, 'min_samples_split': 5, 'n_estimators': 400}",-123.994824,121.0239524,0.85157267,48.14285714,85.73715806,123.994824,11.1353,11.0011,48.14%,0.8516,85.74
"{'criterion': 'squared_error', 'max_depth': 10, 'min_samples_leaf': 2, 'min_samples_split': 5, 'n_estimators': 400}",-124.033668,121.3200759,0.851209496,48.23809524,85.93158221,124.033668,11.137,11.0145,48.24%,0.8512,85.93
"{'criterion': 'friedman_mse', 'max_depth': 10, 'min_samples_leaf': 2, 'min_samples_split': 5, 'n_estimators': 500}",-124.0361625,121.6384194,0.85081907,48.19047619,107.2334394,124.0361625,11.1372,11.029,48.19%,0.8508,107.23
"{'criterion': 'squared_error', 'max_depth': 10, 'min_samples_leaf': 2, 'min_samples_split': 5, 'n_estimators': 500}",-124.0631291,121.9484945,0.850438785,48.14285714,107.3604662,124.0631291,11.1384,11.043,48.14%,0.8504,107.36
"{'criterion': 'friedman_mse', 'max_depth': 10, 'min_samples_leaf': 2, 'min_samples_split': 10, 'n_estimators': 100}",-124.1498319,120.4899529,0.852227583,49.0952381,21.3678124,124.1498319,11.1423,10.9768,49.10%,0.8522,21.37
"{'criterion': 'squared_error', 'max_depth': 10, 'min_samples_leaf': 2, 'min_samples_split': 10, 'n_estimators': 100}",-124.1624765,120.5872201,0.852108292,49.0952381,21.43279839,124.1624765,11.1428,10.9812,49.10%,0.8521,21.43
"{'criterion': 'friedman_mse', 'max_depth': 10, 'min_samples_leaf': 2, 'min_samples_split': 5, 'n_estimators': 200}",-124.1728751,120.7856437,0.851864939,48.23809524,42.88463664,124.1728751,11.1433,10.9903,48.24%,0.8519,42.88
"{'criterion': 'squared_error', 'max_depth': 10, 'min_samples_leaf': 2, 'min_samples_split': 5, 'n_estimators': 200}",-124.2150054,121.20904,0.851345673,48.33333333,42.86130285,124.2150054,11.1452,11.0095,48.33%,0.8513,42.86
"{'criterion': 'squared_error', 'max_depth': 10, 'min_samples_leaf': 1, 'min_samples_split': 10, 'n_estimators': 400}",-124.2573518,120.9047065,0.851718917,47.80952381,85.59421778,124.2573518,11.1471,10.9957,47.81%,0.8517,85.59
"{'criterion': 'friedman_mse', 'max_depth': 10, 'min_samples_leaf': 1, 'min_samples_split': 10, 'n_estimators': 400}",-124.2653355,120.7055892,0.85196312,47.85714286,85.48311615,124.2653355,11.1474,10.9866,47.86%,0.852,85.48
"{'criterion': 'friedman_mse', 'max_depth': 10, 'min_samples_leaf': 2, 'min_samples_split': 10, 'n_estimators': 300}",-124.3693834,121.0665883,0.85152038,48.57142857,64.00332212,124.3693834,11.1521,11.003,48.57%,0.8515,64
"{'criterion': 'squared_error', 'max_depth': 10, 'min_samples_leaf': 2, 'min_samples_split': 10, 'n_estimators': 300}",-124.3899056,121.0191113,0.851578607,48.47619048,64.17233348,124.3899056,11.153,11.0009,48.48%,0.8516,64.17
"{'criterion': 'friedman_mse', 'max_depth': 10, 'min_samples_leaf': 1, 'min_samples_split': 10, 'n_estimators': 500}",-124.4227912,120.9270771,0.851691481,48.14285714,107.0239978,124.4227912,11.1545,10.9967,48.14%,0.8517,107.02
"{'criterion': 'squared_error', 'max_depth': 10, 'min_samples_leaf': 1, 'min_samples_split': 10, 'n_estimators': 500}",-124.4252044,121.1220431,0.851452369,48.14285714,107.2599685,124.4252044,11.1546,11.0055,48.14%,0.8515,107.26
"{'criterion': 'friedman_mse', 'max_depth': 10, 'min_samples_leaf': 2, 'min_samples_split': 10, 'n_estimators': 200}",-124.6757116,121.8694287,0.850535753,48.52380952,42.68496943,124.6757116,11.1658,11.0394,48.52%,0.8505,42.68
"{'criterion': 'squared_error', 'max_depth': 10, 'min_samples_leaf': 2, 'min_samples_split': 10, 'n_estimators': 200}",-124.7009749,121.9923346,0.850385018,48.66666667,42.78715611,124.7009749,11.167,11.045,48.67%,0.8504,42.79
"{'criterion': 'friedman_mse', 'max_depth': 10, 'min_samples_leaf': 2, 'min_samples_split': 10, 'n_estimators': 400}",-124.711312,121.389602,0.851124227,48.19047619,85.22302008,124.711312,11.1674,11.0177,48.19%,0.8511,85.22
"{'criterion': 'squared_error', 'max_depth': 10, 'min_samples_leaf': 2, 'min_samples_split': 10, 'n_estimators': 400}",-124.7423189,121.3406602,0.85118425,48.38095238,85.51918626,124.7423189,11.1688,11.0155,48.38%,0.8512,85.52
"{'criterion': 'friedman_mse', 'max_depth': 10, 'min_samples_leaf': 2, 'min_samples_split': 10, 'n_estimators': 500}",-124.85812,121.6597384,0.850792924,48.47619048,106.4807823,124.85812,11.174,11.0299,48.48%,0.8508,106.48
"{'criterion': 'squared_error', 'max_depth': 10, 'min_samples_leaf': 2, 'min_samples_split': 10, 'n_estimators': 500}",-124.8905446,121.6705051,0.850779719,48.42857143,106.7426336,124.8905446,11.1754,11.0304,48.43%,0.8508,106.74
"{'criterion': 'squared_error', 'max_depth': 10, 'min_samples_leaf': 4, 'min_samples_split': 2, 'n_estimators': 100}",-124.9230414,122.1302349,0.850215893,48.76190476,21.36965585,124.9230414,11.1769,11.0513,48.76%,0.8502,21.37
"{'criterion': 'squared_error', 'max_depth': 10, 'min_samples_leaf': 4, 'min_samples_split': 5, 'n_estimators': 100}",-124.9230414,122.1302349,0.850215893,48.76190476,21.36636424,124.9230414,11.1769,11.0513,48.76%,0.8502,21.37
"{'criterion': 'friedman_mse', 'max_depth': 10, 'min_samples_leaf': 4, 'min_samples_split': 2, 'n_estimators': 100}",-125.0922713,122.2627852,0.850053329,48.76190476,21.29916453,125.0922713,11.1845,11.0573,48.76%,0.8501,21.3
"{'criterion': 'friedman_mse', 'max_depth': 10, 'min_samples_leaf': 4, 'min_samples_split': 5, 'n_estimators': 100}",-125.0922713,122.2627852,0.850053329,48.76190476,21.31092215,125.0922713,11.1845,11.0573,48.76%,0.8501,21.31
"{'criterion': 'squared_error', 'max_depth': 10, 'min_samples_leaf': 4, 'min_samples_split': 2, 'n_estimators': 300}",-125.4888301,123.0427272,0.849096786,48.33333333,63.95851588,125.4888301,11.2022,11.0925,48.33%,0.8491,63.96
"{'criterion': 'squared_error', 'max_depth': 10, 'min_samples_leaf': 4, 'min_samples_split': 5, 'n_estimators': 300}",-125.4888301,123.0427272,0.849096786,48.33333333,63.94773126,125.4888301,11.2022,11.0925,48.33%,0.8491,63.95
"{'criterion': 'friedman_mse', 'max_depth': 10, 'min_samples_leaf': 4, 'min_samples_split': 2, 'n_estimators': 300}",-125.5888435,123.0169536,0.849128395,48.33333333,63.78692079,125.5888435,11.2066,11.0913,48.33%,0.8491,63.79
"{'criterion': 'friedman_mse', 'max_depth': 10, 'min_samples_leaf': 4, 'min_samples_split': 5, 'n_estimators': 300}",-125.5888435,123.0169536,0.849128395,48.33333333,63.79238009,125.5888435,11.2066,11.0913,48.33%,0.8491,63.79
"{'criterion': 'squared_error', 'max_depth': 10, 'min_samples_leaf': 4, 'min_samples_split': 10, 'n_estimators': 300}",-125.7385807,123.6051468,0.848407018,48.33333333,63.82185936,125.7385807,11.2133,11.1178,48.33%,0.8484,63.82
"{'criterion': 'friedman_mse', 'max_depth': 10, 'min_samples_leaf': 4, 'min_samples_split': 10, 'n_estimators': 300}",-125.7663405,123.3995725,0.84865914,48.33333333,63.76178741,125.7663405,11.2146,11.1085,48.33%,0.8487,63.76
"{'criterion': 'squared_error', 'max_depth': 10, 'min_samples_leaf': 4, 'min_samples_split': 2, 'n_estimators': 400}",-125.8151345,123.6860036,0.848307852,48,85.26061654,125.8151345,11.2167,11.1214,48.00%,0.8483,85.26
"{'criterion': 'squared_error', 'max_depth': 10, 'min_samples_leaf': 4, 'min_samples_split': 5, 'n_estimators': 400}",-125.8151345,123.6860036,0.848307852,48,85.26649475,125.8151345,11.2167,11.1214,48.00%,0.8483,85.27
"{'criterion': 'squared_error', 'max_depth': 10, 'min_samples_leaf': 4, 'min_samples_split': 2, 'n_estimators': 200}",-125.8649418,123.1762167,0.84893307,48.33333333,42.64042974,125.8649418,11.219,11.0985,48.33%,0.8489,42.64
"{'criterion': 'squared_error', 'max_depth': 10, 'min_samples_leaf': 4, 'min_samples_split': 5, 'n_estimators': 200}",-125.8649418,123.1762167,0.84893307,48.33333333,42.66996169,125.8649418,11.219,11.0985,48.33%,0.8489,42.67
"{'criterion': 'friedman_mse', 'max_depth': 10, 'min_samples_leaf': 4, 'min_samples_split': 2, 'n_estimators': 400}",-125.9108225,123.6067579,0.848405042,48.04761905,84.986274,125.9108225,11.221,11.1179,48.05%,0.8484,84.99
"{'criterion': 'friedman_mse', 'max_depth': 10, 'min_samples_leaf': 4, 'min_samples_split': 5, 'n_estimators': 400}",-125.9108225,123.6067579,0.848405042,48.04761905,85.07058215,125.9108225,11.221,11.1179,48.05%,0.8484,85.07
"{'criterion': 'squared_error', 'max_depth': 10, 'min_samples_leaf': 4, 'min_samples_split': 10, 'n_estimators': 100}",-125.9219102,123.2057382,0.848896864,48.61904762,21.3352046,125.9219102,11.2215,11.0998,48.62%,0.8489,21.34
"{'criterion': 'friedman_mse', 'max_depth': 10, 'min_samples_leaf': 4, 'min_samples_split': 10, 'n_estimators': 100}",-125.9444215,123.241496,0.84885301,48.52380952,21.3064611,125.9444215,11.2225,11.1014,48.52%,0.8489,21.31
"{'criterion': 'squared_error', 'max_depth': 10, 'min_samples_leaf': 4, 'min_samples_split': 2, 'n_estimators': 500}",-125.973297,124.0311668,0.847884534,48.19047619,106.5627892,125.973297,11.2238,11.1369,48.19%,0.8479,106.56
"{'criterion': 'squared_error', 'max_depth': 10, 'min_samples_leaf': 4, 'min_samples_split': 5, 'n_estimators': 500}",-125.973297,124.0311668,0.847884534,48.19047619,106.5326927,125.973297,11.2238,11.1369,48.19%,0.8479,106.53
"{'criterion': 'friedman_mse', 'max_depth': 10, 'min_samples_leaf': 4, 'min_samples_split': 2, 'n_estimators': 200}",-125.999034,123.3446158,0.84872654,48.38095238,42.52859378,125.999034,11.2249,11.1061,48.38%,0.8487,42.53
"{'criterion': 'friedman_mse', 'max_depth': 10, 'min_samples_leaf': 4, 'min_samples_split': 5, 'n_estimators': 200}",-125.999034,123.3446158,0.84872654,48.38095238,42.54029965,125.999034,11.2249,11.1061,48.38%,0.8487,42.54
"{'criterion': 'friedman_mse', 'max_depth': 10, 'min_samples_leaf': 4, 'min_samples_split': 2, 'n_estimators': 500}",-126.0490454,123.9032407,0.848041426,48.14285714,106.3202183,126.0490454,11.2272,11.1312,48.14%,0.848,106.32
"{'criterion': 'friedman_mse', 'max_depth': 10, 'min_samples_leaf': 4, 'min_samples_split': 5, 'n_estimators': 500}",-126.0490454,123.9032407,0.848041426,48.14285714,106.4542451,126.0490454,11.2272,11.1312,48.14%,0.848,106.45
"{'criterion': 'squared_error', 'max_depth': 10, 'min_samples_leaf': 4, 'min_samples_split': 10, 'n_estimators': 200}",-126.3093342,123.8440977,0.848113961,48.42857143,42.56459999,126.3093342,11.2387,11.1285,48.43%,0.8481,42.56
"{'criterion': 'friedman_mse', 'max_depth': 10, 'min_samples_leaf': 4, 'min_samples_split': 10, 'n_estimators': 200}",-126.3395997,123.4767589,0.848564476,48.33333333,42.56557417,126.3395997,11.2401,11.112,48.33%,0.8486,42.57
"{'criterion': 'squared_error', 'max_depth': 10, 'min_samples_leaf': 4, 'min_samples_split': 10, 'n_estimators': 400}",-126.3528131,124.2589348,0.847605193,48.04761905,85.11857271,126.3528131,11.2407,11.1471,48.05%,0.8476,85.12
"{'criterion': 'friedman_mse', 'max_depth': 10, 'min_samples_leaf': 4, 'min_samples_split': 10, 'n_estimators': 400}",-126.3790159,124.1980327,0.847679885,48.14285714,84.96957707,126.3790159,11.2418,11.1444,48.14%,0.8477,84.97
"{'criterion': 'squared_error', 'max_depth': 10, 'min_samples_leaf': 4, 'min_samples_split': 10, 'n_estimators': 500}",-126.4998883,124.2637162,0.847599329,48.19047619,106.4261906,126.4998883,11.2472,11.1474,48.19%,0.8476,106.43
"{'criterion': 'friedman_mse', 'max_depth': 10, 'min_samples_leaf': 4, 'min_samples_split': 10, 'n_estimators': 500}",-126.5289956,124.2343015,0.847635404,48.14285714,106.1238773,126.5289956,11.2485,11.146,48.14%,0.8476,106.12
