params,mean_mse,mse,r2,accuracy,fit_time,mean_abs_mse,mean_rmse,rmse,accuracy,r2
"{'criterion': 'friedman_mse', 'max_depth': None, 'min_samples_leaf': 1, 'min_samples_split': 2, 'n_estimators': 300}",-58.50485932,57.22778096,0.928928343,80.11431293,228.0939715,58.50485932,7.6488,7.5649,80.11%,0.9289
"{'criterion': 'squared_error', 'max_depth': None, 'min_samples_leaf': 1, 'min_samples_split': 2, 'n_estimators': 500}",-58.50978852,57.37665253,0.928743458,80.18575851,388.072937,58.50978852,7.6492,7.5747,80.19%,0.9287
"{'criterion': 'squared_error', 'max_depth': None, 'min_samples_leaf': 1, 'min_samples_split': 2, 'n_estimators': 400}",-58.52771318,57.24121363,0.928911661,80.20957371,309.438895,58.52771318,7.6503,7.5658,80.21%,0.9289
"{'criterion': 'squared_error', 'max_depth': None, 'min_samples_leaf': 1, 'min_samples_split': 2, 'n_estimators': 300}",-58.52782046,57.19971041,0.928963204,80.09049774,231.6558876,58.52782046,7.6503,7.563,80.09%,0.929
"{'criterion': 'friedman_mse', 'max_depth': None, 'min_samples_leaf': 1, 'min_samples_split': 2, 'n_estimators': 500}",-58.54187484,57.53076327,0.928552067,80.20957371,382.1919339,58.54187484,7.6513,7.5849,80.21%,0.9286
"{'criterion': 'friedman_mse', 'max_depth': None, 'min_samples_leaf': 1, 'min_samples_split': 2, 'n_estimators': 400}",-58.55546074,57.40146283,0.928712646,80.11431293,304.6752272,58.55546074,7.6522,7.5764,80.11%,0.9287
"{'criterion': 'friedman_mse', 'max_depth': None, 'min_samples_leaf': 1, 'min_samples_split': 2, 'n_estimators': 200}",-58.57641237,57.40608369,0.928706907,80.2572041,152.2588983,58.57641237,7.6535,7.5767,80.26%,0.9287
"{'criterion': 'squared_error', 'max_depth': None, 'min_samples_leaf': 1, 'min_samples_split': 2, 'n_estimators': 200}",-58.62143279,57.33953645,0.928789553,80.30483448,154.8319502,58.62143279,7.6565,7.5723,80.30%,0.9288
"{'criterion': 'friedman_mse', 'max_depth': None, 'min_samples_leaf': 1, 'min_samples_split': 2, 'n_estimators': 100}",-58.88853072,56.82956967,0.929422885,80.04286735,75.72577667,58.88853072,7.6739,7.5385,80.04%,0.9294
"{'criterion': 'squared_error', 'max_depth': None, 'min_samples_leaf': 1, 'min_samples_split': 5, 'n_estimators': 500}",-58.98666802,58.69498662,0.927106208,79.68563944,355.6838651,58.98666802,7.6803,7.6613,79.69%,0.9271
"{'criterion': 'squared_error', 'max_depth': None, 'min_samples_leaf': 1, 'min_samples_split': 5, 'n_estimators': 300}",-59.01783222,58.43406439,0.92743025,79.49511789,214.1111562,59.01783222,7.6823,7.6442,79.50%,0.9274
"{'criterion': 'squared_error', 'max_depth': None, 'min_samples_leaf': 1, 'min_samples_split': 2, 'n_estimators': 100}",-59.03113857,56.70988481,0.929571523,80.18575851,76.8639102,59.03113857,7.6832,7.5306,80.19%,0.9296
"{'criterion': 'squared_error', 'max_depth': None, 'min_samples_leaf': 1, 'min_samples_split': 5, 'n_estimators': 400}",-59.03641194,58.54228514,0.927295849,79.66182424,283.1885166,59.03641194,7.6835,7.6513,79.66%,0.9273
"{'criterion': 'friedman_mse', 'max_depth': None, 'min_samples_leaf': 1, 'min_samples_split': 5, 'n_estimators': 500}",-59.06424592,58.6343027,0.927181572,79.56656347,352.9219773,59.06424592,7.6853,7.6573,79.57%,0.9272
"{'criterion': 'friedman_mse', 'max_depth': None, 'min_samples_leaf': 1, 'min_samples_split': 5, 'n_estimators': 400}",-59.07291317,58.49696967,0.927352127,79.56656347,282.2833967,59.07291317,7.6859,7.6483,79.57%,0.9274
"{'criterion': 'friedman_mse', 'max_depth': None, 'min_samples_leaf': 1, 'min_samples_split': 5, 'n_estimators': 300}",-59.08216062,58.35541382,0.927527926,79.63800905,211.7402313,59.08216062,7.6865,7.6391,79.64%,0.9275
"{'criterion': 'squared_error', 'max_depth': None, 'min_samples_leaf': 1, 'min_samples_split': 5, 'n_estimators': 200}",-59.1231384,58.62313305,0.927195444,79.61419386,141.4350848,59.1231384,7.6892,7.6566,79.61%,0.9272
"{'criterion': 'friedman_mse', 'max_depth': None, 'min_samples_leaf': 1, 'min_samples_split': 5, 'n_estimators': 200}",-59.13597939,58.52257851,0.927320323,79.59037866,141.1353989,59.13597939,7.69,7.65,79.59%,0.9273
"{'criterion': 'squared_error', 'max_depth': None, 'min_samples_leaf': 1, 'min_samples_split': 5, 'n_estimators': 100}",-59.39899221,57.97219719,0.928003846,79.39985711,70.33918428,59.39899221,7.7071,7.6139,79.40%,0.928
"{'criterion': 'friedman_mse', 'max_depth': None, 'min_samples_leaf': 1, 'min_samples_split': 5, 'n_estimators': 100}",-59.57231101,57.90152149,0.928091619,79.28078114,70.34589696,59.57231101,7.7183,7.6093,79.28%,0.9281
"{'criterion': 'squared_error', 'max_depth': 20, 'min_samples_leaf': 1, 'min_samples_split': 2, 'n_estimators': 300}",-59.75927155,58.40951813,0.927460734,79.23315075,139.752552,59.75927155,7.7304,7.6426,79.23%,0.9275
"{'criterion': 'friedman_mse', 'max_depth': 20, 'min_samples_leaf': 1, 'min_samples_split': 2, 'n_estimators': 300}",-59.77945635,58.49956097,0.927348909,79.20933556,140.7155113,59.77945635,7.7317,7.6485,79.21%,0.9273
"{'criterion': 'friedman_mse', 'max_depth': 20, 'min_samples_leaf': 1, 'min_samples_split': 2, 'n_estimators': 500}",-59.80810119,58.77122002,0.927011533,79.23315075,237.2251091,59.80810119,7.7336,7.6662,79.23%,0.927
"{'criterion': 'squared_error', 'max_depth': 20, 'min_samples_leaf': 1, 'min_samples_split': 2, 'n_estimators': 500}",-59.82053357,58.68699726,0.92711613,79.28078114,232.02671,59.82053357,7.7344,7.6607,79.28%,0.9271
"{'criterion': 'friedman_mse', 'max_depth': 20, 'min_samples_leaf': 1, 'min_samples_split': 2, 'n_estimators': 400}",-59.82265647,58.74116825,0.927048855,79.16170517,189.3920598,59.82265647,7.7345,7.6643,79.16%,0.927
"{'criterion': 'squared_error', 'max_depth': 20, 'min_samples_leaf': 1, 'min_samples_split': 2, 'n_estimators': 400}",-59.83948497,58.62839123,0.927188914,79.13788997,185.5809035,59.83948497,7.7356,7.6569,79.14%,0.9272
"{'criterion': 'squared_error', 'max_depth': 20, 'min_samples_leaf': 1, 'min_samples_split': 2, 'n_estimators': 200}",-59.87302818,58.38380581,0.927492666,79.20933556,93.17861772,59.87302818,7.7378,7.6409,79.21%,0.9275
"{'criterion': 'friedman_mse', 'max_depth': 20, 'min_samples_leaf': 1, 'min_samples_split': 2, 'n_estimators': 200}",-59.88813919,58.468113,0.927387964,79.23315075,93.73889875,59.88813919,7.7387,7.6464,79.23%,0.9274
"{'criterion': 'friedman_mse', 'max_depth': 20, 'min_samples_leaf': 1, 'min_samples_split': 2, 'n_estimators': 100}",-60.15323653,58.00573373,0.927962197,79.18552036,47.03124905,60.15323653,7.7559,7.6161,79.19%,0.928
"{'criterion': 'squared_error', 'max_depth': 20, 'min_samples_leaf': 1, 'min_samples_split': 2, 'n_estimators': 100}",-60.22301166,57.73791032,0.928294809,79.30459633,46.56815052,60.22301166,7.7603,7.5985,79.30%,0.9283
"{'criterion': 'squared_error', 'max_depth': None, 'min_samples_leaf': 2, 'min_samples_split': 2, 'n_estimators': 200}",-60.46607127,57.536073,0.928545473,79.0426292,133.9620051,60.46607127,7.776,7.5853,79.04%,0.9285
"{'criterion': 'squared_error', 'max_depth': None, 'min_samples_leaf': 2, 'min_samples_split': 2, 'n_estimators': 400}",-60.49197215,57.69418004,0.928349118,79.018814,267.9897885,60.49197215,7.7777,7.5957,79.02%,0.9283
"{'criterion': 'squared_error', 'max_depth': None, 'min_samples_leaf': 2, 'min_samples_split': 2, 'n_estimators': 500}",-60.49248755,57.7993632,0.92821849,79.13788997,334.1198404,60.49248755,7.7777,7.6026,79.14%,0.9282
"{'criterion': 'squared_error', 'max_depth': None, 'min_samples_leaf': 2, 'min_samples_split': 2, 'n_estimators': 300}",-60.50000748,57.64035712,0.928415961,79.0426292,201.1300836,60.50000748,7.7782,7.5921,79.04%,0.9284
"{'criterion': 'squared_error', 'max_depth': None, 'min_samples_leaf': 2, 'min_samples_split': 2, 'n_estimators': 100}",-60.53137812,56.54234522,0.929779591,78.97118362,66.77517724,60.53137812,7.7802,7.5195,78.97%,0.9298
"{'criterion': 'friedman_mse', 'max_depth': None, 'min_samples_leaf': 2, 'min_samples_split': 2, 'n_estimators': 500}",-60.53833923,57.9143873,0.928075641,79.16170517,337.1822317,60.53833923,7.7806,7.6102,79.16%,0.9281
"{'criterion': 'friedman_mse', 'max_depth': None, 'min_samples_leaf': 2, 'min_samples_split': 2, 'n_estimators': 200}",-60.54003273,57.63315404,0.928424907,79.13788997,133.8104208,60.54003273,7.7807,7.5917,79.14%,0.9284
"{'criterion': 'friedman_mse', 'max_depth': None, 'min_samples_leaf': 2, 'min_samples_split': 2, 'n_estimators': 300}",-60.54740747,57.73247687,0.928301557,78.99499881,201.5682304,60.54740747,7.7812,7.5982,78.99%,0.9283
"{'criterion': 'friedman_mse', 'max_depth': None, 'min_samples_leaf': 2, 'min_samples_split': 2, 'n_estimators': 400}",-60.55024901,57.83546191,0.928173659,79.0426292,270.1987901,60.55024901,7.7814,7.605,79.04%,0.9282
"{'criterion': 'friedman_mse', 'max_depth': None, 'min_samples_leaf': 2, 'min_samples_split': 2, 'n_estimators': 100}",-60.58476042,56.65792085,0.929636057,78.94736842,66.84131336,60.58476042,7.7836,7.5271,78.95%,0.9296
"{'criterion': 'squared_error', 'max_depth': 20, 'min_samples_leaf': 1, 'min_samples_split': 5, 'n_estimators': 500}",-60.64722498,60.39234236,0.924998248,78.6377709,221.2720039,60.64722498,7.7876,7.7713,78.64%,0.925
"{'criterion': 'friedman_mse', 'max_depth': 20, 'min_samples_leaf': 1, 'min_samples_split': 5, 'n_estimators': 300}",-60.65620754,60.05071667,0.925422516,78.59014051,134.8684731,60.65620754,7.7882,7.7492,78.59%,0.9254
"{'criterion': 'friedman_mse', 'max_depth': 20, 'min_samples_leaf': 1, 'min_samples_split': 5, 'n_estimators': 500}",-60.66250185,60.44007628,0.924938967,78.59014051,224.5214465,60.66250185,7.7886,7.7743,78.59%,0.9249
"{'criterion': 'squared_error', 'max_depth': 20, 'min_samples_leaf': 1, 'min_samples_split': 5, 'n_estimators': 400}",-60.67669722,60.29450556,0.925119752,78.56632532,178.3052351,60.67669722,7.7895,7.765,78.57%,0.9251
"{'criterion': 'friedman_mse', 'max_depth': 20, 'min_samples_leaf': 1, 'min_samples_split': 5, 'n_estimators': 400}",-60.67741279,60.31365744,0.925095967,78.51869493,177.7730541,60.67741279,7.7896,7.7662,78.52%,0.9251
"{'criterion': 'squared_error', 'max_depth': 20, 'min_samples_leaf': 1, 'min_samples_split': 5, 'n_estimators': 300}",-60.68689995,60.05138067,0.925421691,78.73303167,133.9961414,60.68689995,7.7902,7.7493,78.73%,0.9254
"{'criterion': 'squared_error', 'max_depth': None, 'min_samples_leaf': 1, 'min_samples_split': 10, 'n_estimators': 300}",-60.7139906,60.17673758,0.925266009,78.51869493,202.0165329,60.7139906,7.7919,7.7574,78.52%,0.9253
"{'criterion': 'squared_error', 'max_depth': None, 'min_samples_leaf': 1, 'min_samples_split': 10, 'n_estimators': 400}",-60.721373,60.32971552,0.925076025,78.54251012,268.5910933,60.721373,7.7924,7.7672,78.54%,0.9251
"{'criterion': 'squared_error', 'max_depth': None, 'min_samples_leaf': 1, 'min_samples_split': 10, 'n_estimators': 500}",-60.72929693,60.52283335,0.92483619,78.59014051,336.0215719,60.72929693,7.7929,7.7796,78.59%,0.9248
"{'criterion': 'friedman_mse', 'max_depth': None, 'min_samples_leaf': 1, 'min_samples_split': 10, 'n_estimators': 300}",-60.73596655,60.21307207,0.925220885,78.59014051,200.8073657,60.73596655,7.7933,7.7597,78.59%,0.9252
"{'criterion': 'friedman_mse', 'max_depth': None, 'min_samples_leaf': 1, 'min_samples_split': 10, 'n_estimators': 500}",-60.74662154,60.53555712,0.924820388,78.6377709,335.8836284,60.74662154,7.794,7.7805,78.64%,0.9248
"{'criterion': 'squared_error', 'max_depth': 20, 'min_samples_leaf': 1, 'min_samples_split': 5, 'n_estimators': 200}",-60.75277363,60.07280423,0.925395085,78.49487973,88.3412168,60.75277363,7.7944,7.7507,78.49%,0.9254
"{'criterion': 'friedman_mse', 'max_depth': None, 'min_samples_leaf': 1, 'min_samples_split': 10, 'n_estimators': 400}",-60.75283675,60.35999159,0.925038425,78.54251012,267.720089,60.75283675,7.7944,7.7692,78.54%,0.925
"{'criterion': 'squared_error', 'max_depth': None, 'min_samples_leaf': 1, 'min_samples_split': 10, 'n_estimators': 200}",-60.76003293,60.32778831,0.925078418,78.59014051,134.1767676,60.76003293,7.7949,7.7671,78.59%,0.9251
"{'criterion': 'friedman_mse', 'max_depth': 20, 'min_samples_leaf': 1, 'min_samples_split': 5, 'n_estimators': 200}",-60.78628884,60.05687712,0.925414865,78.51869493,89.77464771,60.78628884,7.7966,7.7496,78.52%,0.9254
"{'criterion': 'squared_error', 'max_depth': None, 'min_samples_leaf': 2, 'min_samples_split': 5, 'n_estimators': 200}",-60.81213528,57.98118853,0.92799268,78.87592284,131.6407528,60.81213528,7.7982,7.6145,78.88%,0.928
"{'criterion': 'squared_error', 'max_depth': None, 'min_samples_leaf': 2, 'min_samples_split': 5, 'n_estimators': 300}",-60.82274568,58.04176999,0.927917443,78.73303167,198.1606312,60.82274568,7.7989,7.6185,78.73%,0.9279
"{'criterion': 'squared_error', 'max_depth': None, 'min_samples_leaf': 2, 'min_samples_split': 5, 'n_estimators': 400}",-60.83872297,58.14242327,0.927792441,78.94736842,267.111522,60.83872297,7.7999,7.6251,78.95%,0.9278
"{'criterion': 'squared_error', 'max_depth': None, 'min_samples_leaf': 2, 'min_samples_split': 5, 'n_estimators': 500}",-60.84252503,58.25510414,0.927652502,78.99499881,337.399986,60.84252503,7.8002,7.6325,78.99%,0.9277
"{'criterion': 'friedman_mse', 'max_depth': None, 'min_samples_leaf': 1, 'min_samples_split': 10, 'n_estimators': 200}",-60.84783355,60.32621447,0.925080373,78.54251012,133.7814913,60.84783355,7.8005,7.767,78.54%,0.9251
"{'criterion': 'friedman_mse', 'max_depth': None, 'min_samples_leaf': 2, 'min_samples_split': 5, 'n_estimators': 500}",-60.87180704,58.25689001,0.927650284,78.92355323,332.5801108,60.87180704,7.802,7.6326,78.92%,0.9277
"{'criterion': 'friedman_mse', 'max_depth': None, 'min_samples_leaf': 2, 'min_samples_split': 5, 'n_estimators': 300}",-60.87342699,58.0878664,0.927860196,78.75684687,199.4880373,60.87342699,7.8021,7.6215,78.76%,0.9279
"{'criterion': 'friedman_mse', 'max_depth': None, 'min_samples_leaf': 2, 'min_samples_split': 5, 'n_estimators': 200}",-60.88136939,58.02164877,0.927942432,78.82829245,132.8100801,60.88136939,7.8027,7.6172,78.83%,0.9279
"{'criterion': 'friedman_mse', 'max_depth': None, 'min_samples_leaf': 2, 'min_samples_split': 5, 'n_estimators': 400}",-60.8867096,58.16153575,0.927768705,78.94736842,265.661829,60.8867096,7.803,7.6264,78.95%,0.9278
"{'criterion': 'squared_error', 'max_depth': None, 'min_samples_leaf': 2, 'min_samples_split': 5, 'n_estimators': 100}",-60.90535272,57.06586439,0.929129429,78.97118362,65.42397022,60.90535272,7.8042,7.5542,78.97%,0.9291
"{'criterion': 'friedman_mse', 'max_depth': None, 'min_samples_leaf': 2, 'min_samples_split': 5, 'n_estimators': 100}",-61.03576068,57.00234849,0.92920831,78.92355323,66.18013287,61.03576068,7.8125,7.55,78.92%,0.9292
"{'criterion': 'squared_error', 'max_depth': None, 'min_samples_leaf': 1, 'min_samples_split': 10, 'n_estimators': 100}",-61.07049798,59.7865748,0.925750556,78.49487973,67.41613317,61.07049798,7.8148,7.7322,78.49%,0.9258
"{'criterion': 'squared_error', 'max_depth': 20, 'min_samples_leaf': 1, 'min_samples_split': 5, 'n_estimators': 100}",-61.08602917,59.35573095,0.926285624,78.39961896,44.22716093,61.08602917,7.8158,7.7043,78.40%,0.9263
"{'criterion': 'friedman_mse', 'max_depth': 20, 'min_samples_leaf': 1, 'min_samples_split': 5, 'n_estimators': 100}",-61.08629816,59.50858505,0.926095793,78.37580376,44.92180705,61.08629816,7.8158,7.7142,78.38%,0.9261
"{'criterion': 'friedman_mse', 'max_depth': None, 'min_samples_leaf': 1, 'min_samples_split': 10, 'n_estimators': 100}",-61.19086454,59.74594142,0.925801019,78.49487973,66.71818829,61.19086454,7.8225,7.7295,78.49%,0.9258
"{'criterion': 'squared_error', 'max_depth': 20, 'min_samples_leaf': 2, 'min_samples_split': 2, 'n_estimators': 500}",-61.88457322,59.60077296,0.925981305,78.01857585,216.2050719,61.88457322,7.8667,7.7202,78.02%,0.926
"{'criterion': 'squared_error', 'max_depth': 20, 'min_samples_leaf': 2, 'min_samples_split': 2, 'n_estimators': 300}",-61.89134145,59.40918674,0.926219237,77.99476066,134.3217101,61.89134145,7.8671,7.7077,77.99%,0.9262
"{'criterion': 'squared_error', 'max_depth': 20, 'min_samples_leaf': 2, 'min_samples_split': 2, 'n_estimators': 400}",-61.89275187,59.53229833,0.926066344,77.99476066,173.9107349,61.89275187,7.8672,7.7157,77.99%,0.9261
"{'criterion': 'squared_error', 'max_depth': 20, 'min_samples_leaf': 2, 'min_samples_split': 2, 'n_estimators': 200}",-61.90542595,59.29072331,0.926366358,78.16146702,87.3368814,61.90542595,7.868,7.7,78.16%,0.9264
"{'criterion': 'friedman_mse', 'max_depth': 20, 'min_samples_leaf': 2, 'min_samples_split': 2, 'n_estimators': 500}",-61.91759997,59.58527512,0.926000551,78.01857585,218.0658245,61.91759997,7.8688,7.7191,78.02%,0.926
"{'criterion': 'squared_error', 'max_depth': 20, 'min_samples_leaf': 2, 'min_samples_split': 2, 'n_estimators': 100}",-61.92904165,58.25966485,0.927646838,78.16146702,43.02589965,61.92904165,7.8695,7.6328,78.16%,0.9276
"{'criterion': 'friedman_mse', 'max_depth': 20, 'min_samples_leaf': 2, 'min_samples_split': 2, 'n_estimators': 300}",-61.93481771,59.38454307,0.926249842,77.92331508,130.9384389,61.93481771,7.8699,7.7061,77.92%,0.9262
"{'criterion': 'friedman_mse', 'max_depth': 20, 'min_samples_leaf': 2, 'min_samples_split': 2, 'n_estimators': 400}",-61.94014432,59.47374634,0.92613906,78.01857585,174.3426018,61.94014432,7.8702,7.7119,78.02%,0.9261
"{'criterion': 'friedman_mse', 'max_depth': 20, 'min_samples_leaf': 2, 'min_samples_split': 2, 'n_estimators': 200}",-61.96784308,59.2657308,0.926397396,78.2329126,87.23387289,61.96784308,7.872,7.6984,78.23%,0.9264
"{'criterion': 'friedman_mse', 'max_depth': 20, 'min_samples_leaf': 2, 'min_samples_split': 2, 'n_estimators': 100}",-62.0114089,58.23165163,0.927681628,78.04239105,43.48782778,62.0114089,7.8747,7.631,78.04%,0.9277
"{'criterion': 'squared_error', 'max_depth': 20, 'min_samples_leaf': 2, 'min_samples_split': 5, 'n_estimators': 300}",-62.1796146,59.83796577,0.925686733,77.89949988,128.7653108,62.1796146,7.8854,7.7355,77.90%,0.9257
"{'criterion': 'squared_error', 'max_depth': 20, 'min_samples_leaf': 2, 'min_samples_split': 5, 'n_estimators': 200}",-62.18704378,59.64272896,0.925929199,78.09002143,85.63538694,62.18704378,7.8859,7.7229,78.09%,0.9259
"{'criterion': 'squared_error', 'max_depth': 20, 'min_samples_leaf': 2, 'min_samples_split': 5, 'n_estimators': 500}",-62.20309923,59.99836254,0.925487535,77.94713027,214.234766,62.20309923,7.8869,7.7459,77.95%,0.9255
"{'criterion': 'squared_error', 'max_depth': 20, 'min_samples_leaf': 2, 'min_samples_split': 5, 'n_estimators': 400}",-62.20733608,59.91506834,0.925590979,77.89949988,170.7716386,62.20733608,7.8872,7.7405,77.90%,0.9256
"{'criterion': 'friedman_mse', 'max_depth': 20, 'min_samples_leaf': 2, 'min_samples_split': 5, 'n_estimators': 500}",-62.25405332,59.98072554,0.925509438,77.97094546,215.3919218,62.25405332,7.8901,7.7447,77.97%,0.9255
"{'criterion': 'friedman_mse', 'max_depth': 20, 'min_samples_leaf': 2, 'min_samples_split': 5, 'n_estimators': 300}",-62.25643031,59.82226282,0.925706234,77.94713027,129.22822,62.25643031,7.8903,7.7345,77.95%,0.9257
"{'criterion': 'friedman_mse', 'max_depth': 20, 'min_samples_leaf': 2, 'min_samples_split': 5, 'n_estimators': 400}",-62.27535751,59.89225349,0.925619312,77.8280543,172.0251276,62.27535751,7.8915,7.739,77.83%,0.9256
"{'criterion': 'friedman_mse', 'max_depth': 20, 'min_samples_leaf': 2, 'min_samples_split': 5, 'n_estimators': 200}",-62.27608267,59.69717692,0.92586158,78.11383663,86.3234067,62.27608267,7.8915,7.7264,78.11%,0.9259
"{'criterion': 'squared_error', 'max_depth': 20, 'min_samples_leaf': 2, 'min_samples_split': 5, 'n_estimators': 100}",-62.28232716,58.57303169,0.927257665,78.09002143,42.67757487,62.28232716,7.8919,7.6533,78.09%,0.9273
"{'criterion': 'friedman_mse', 'max_depth': 20, 'min_samples_leaf': 2, 'min_samples_split': 5, 'n_estimators': 100}",-62.43497628,58.75782095,0.927028174,78.04239105,43.07025814,62.43497628,7.9016,7.6654,78.04%,0.927
"{'criterion': 'squared_error', 'max_depth': 20, 'min_samples_leaf': 1, 'min_samples_split': 10, 'n_estimators': 300}",-62.43977606,61.83463018,0.923207059,77.51845678,127.5873997,62.43977606,7.9019,7.8635,77.52%,0.9232
"{'criterion': 'squared_error', 'max_depth': 20, 'min_samples_leaf': 1, 'min_samples_split': 10, 'n_estimators': 500}",-62.44420251,62.3192048,0.922605261,77.37556561,212.9045436,62.44420251,7.9022,7.8943,77.38%,0.9226
"{'criterion': 'squared_error', 'max_depth': 20, 'min_samples_leaf': 1, 'min_samples_split': 10, 'n_estimators': 400}",-62.46058968,62.10976286,0.922865369,77.23267445,170.3336618,62.46058968,7.9032,7.881,77.23%,0.9229
"{'criterion': 'friedman_mse', 'max_depth': 20, 'min_samples_leaf': 1, 'min_samples_split': 10, 'n_estimators': 500}",-62.47182858,62.37965464,0.922530188,77.3993808,213.6796753,62.47182858,7.9039,7.8981,77.40%,0.9225
"{'criterion': 'friedman_mse', 'max_depth': 20, 'min_samples_leaf': 1, 'min_samples_split': 10, 'n_estimators': 300}",-62.47463262,61.97005912,0.923038868,77.44701119,128.3932407,62.47463262,7.9041,7.8721,77.45%,0.923
"{'criterion': 'friedman_mse', 'max_depth': 20, 'min_samples_leaf': 1, 'min_samples_split': 10, 'n_estimators': 400}",-62.49134191,62.20765071,0.922743801,77.28030483,172.0021174,62.49134191,7.9051,7.8872,77.28%,0.9227
"{'criterion': 'squared_error', 'max_depth': 20, 'min_samples_leaf': 1, 'min_samples_split': 10, 'n_estimators': 200}",-62.50808891,61.87371068,0.923158524,77.58990236,85.23480773,62.50808891,7.9062,7.866,77.59%,0.9232
"{'criterion': 'friedman_mse', 'max_depth': 20, 'min_samples_leaf': 1, 'min_samples_split': 10, 'n_estimators': 200}",-62.59691247,61.95614523,0.923056148,77.63753275,86.81825781,62.59691247,7.9118,7.8712,77.64%,0.9231
"{'criterion': 'friedman_mse', 'max_depth': None, 'min_samples_leaf': 2, 'min_samples_split': 10, 'n_estimators': 500}",-62.82355246,60.36327489,0.925034347,77.99476066,318.8763106,62.82355246,7.9261,7.7694,77.99%,0.925
"{'criterion': 'squared_error', 'max_depth': 20, 'min_samples_leaf': 1, 'min_samples_split': 10, 'n_estimators': 100}",-62.83142075,61.23395343,0.923953044,77.61371755,42.73267817,62.83142075,7.9266,7.8252,77.61%,0.924
"{'criterion': 'friedman_mse', 'max_depth': None, 'min_samples_leaf': 2, 'min_samples_split': 10, 'n_estimators': 400}",-62.83637765,60.26471386,0.925156751,77.99476066,255.3264258,62.83637765,7.9269,7.763,77.99%,0.9252
"{'criterion': 'squared_error', 'max_depth': None, 'min_samples_leaf': 2, 'min_samples_split': 10, 'n_estimators': 500}",-62.84538126,60.380507,0.925012946,78.06620624,320.5948431,62.84538126,7.9275,7.7705,78.07%,0.925
"{'criterion': 'squared_error', 'max_depth': None, 'min_samples_leaf': 2, 'min_samples_split': 10, 'n_estimators': 400}",-62.85232509,60.26747964,0.925153316,78.04239105,254.2583134,62.85232509,7.9279,7.7632,78.04%,0.9252
"{'criterion': 'friedman_mse', 'max_depth': None, 'min_samples_leaf': 2, 'min_samples_split': 10, 'n_estimators': 300}",-62.86779215,60.19228794,0.925246697,77.78042391,191.2571661,62.86779215,7.9289,7.7584,77.78%,0.9252
"{'criterion': 'squared_error', 'max_depth': None, 'min_samples_leaf': 2, 'min_samples_split': 10, 'n_estimators': 300}",-62.88060926,60.20683693,0.925228629,77.8280543,190.3680012,62.88060926,7.9297,7.7593,77.83%,0.9252
"{'criterion': 'friedman_mse', 'max_depth': None, 'min_samples_leaf': 2, 'min_samples_split': 10, 'n_estimators': 200}",-62.92419413,60.17085664,0.925273313,78.16146702,127.7780952,62.92419413,7.9325,7.757,78.16%,0.9253
"{'criterion': 'squared_error', 'max_depth': None, 'min_samples_leaf': 2, 'min_samples_split': 10, 'n_estimators': 200}",-62.93890108,60.1883598,0.925251576,78.11383663,126.694,62.93890108,7.9334,7.7581,78.11%,0.9253
"{'criterion': 'friedman_mse', 'max_depth': 20, 'min_samples_leaf': 1, 'min_samples_split': 10, 'n_estimators': 100}",-62.97527378,61.31718396,0.923849679,77.51845678,43.42361259,62.97527378,7.9357,7.8305,77.52%,0.9238
"{'criterion': 'squared_error', 'max_depth': None, 'min_samples_leaf': 2, 'min_samples_split': 10, 'n_estimators': 100}",-63.103967,59.32129585,0.92632839,78.11383663,63.20983243,63.103967,7.9438,7.702,78.11%,0.9263
"{'criterion': 'friedman_mse', 'max_depth': None, 'min_samples_leaf': 2, 'min_samples_split': 10, 'n_estimators': 100}",-63.12004247,59.30035844,0.926354392,78.06620624,63.45533919,63.12004247,7.9448,7.7007,78.07%,0.9264
"{'criterion': 'squared_error', 'max_depth': 20, 'min_samples_leaf': 2, 'min_samples_split': 10, 'n_estimators': 500}",-64.18305329,62.26017376,0.922678573,76.94689212,207.0362692,64.18305329,8.0114,7.8905,76.95%,0.9227
"{'criterion': 'friedman_mse', 'max_depth': 20, 'min_samples_leaf': 2, 'min_samples_split': 10, 'n_estimators': 500}",-64.19012533,62.23681722,0.922707579,76.92307692,208.718117,64.19012533,8.0119,7.889,76.92%,0.9227
"{'criterion': 'squared_error', 'max_depth': 20, 'min_samples_leaf': 2, 'min_samples_split': 10, 'n_estimators': 300}",-64.20504575,62.08350386,0.92289798,76.80400095,124.212678,64.20504575,8.0128,7.8793,76.80%,0.9229
"{'criterion': 'friedman_mse', 'max_depth': 20, 'min_samples_leaf': 2, 'min_samples_split': 10, 'n_estimators': 400}",-64.207834,62.11930947,0.922853513,76.87544653,166.7333732,64.207834,8.013,7.8816,76.88%,0.9229
"{'criterion': 'squared_error', 'max_depth': 20, 'min_samples_leaf': 2, 'min_samples_split': 10, 'n_estimators': 400}",-64.20797161,62.167743,0.922793363,76.92307692,165.8753536,64.20797161,8.013,7.8847,76.92%,0.9228
"{'criterion': 'friedman_mse', 'max_depth': 20, 'min_samples_leaf': 2, 'min_samples_split': 10, 'n_estimators': 300}",-64.21369361,62.01367013,0.922984708,76.78018576,125.2096605,64.21369361,8.0133,7.8749,76.78%,0.923
"{'criterion': 'squared_error', 'max_depth': 20, 'min_samples_leaf': 2, 'min_samples_split': 10, 'n_estimators': 200}",-64.24770092,61.98810267,0.92301646,77.20885925,82.89403701,64.24770092,8.0155,7.8733,77.21%,0.923
"{'criterion': 'friedman_mse', 'max_depth': 20, 'min_samples_leaf': 2, 'min_samples_split': 10, 'n_estimators': 200}",-64.26815556,61.93712262,0.923079773,77.20885925,83.27604532,64.26815556,8.0167,7.87,77.21%,0.9231
"{'criterion': 'friedman_mse', 'max_depth': 20, 'min_samples_leaf': 2, 'min_samples_split': 10, 'n_estimators': 100}",-64.46475691,61.06333666,0.924164935,77.11359848,41.41127968,64.46475691,8.029,7.8143,77.11%,0.9242
"{'criterion': 'squared_error', 'max_depth': 20, 'min_samples_leaf': 2, 'min_samples_split': 10, 'n_estimators': 100}",-64.49704189,61.11829356,0.924096683,77.11359848,41.44142818,64.49704189,8.031,7.8178,77.11%,0.9241
"{'criterion': 'squared_error', 'max_depth': None, 'min_samples_leaf': 4, 'min_samples_split': 2, 'n_estimators': 200}",-66.72175738,64.41783684,0.919998953,77.51845678,119.7131813,66.72175738,8.1683,8.0261,77.52%,0.92
"{'criterion': 'squared_error', 'max_depth': None, 'min_samples_leaf': 4, 'min_samples_split': 5, 'n_estimators': 200}",-66.72175738,64.41783684,0.919998953,77.51845678,119.4079692,66.72175738,8.1683,8.0261,77.52%,0.92
"{'criterion': 'friedman_mse', 'max_depth': None, 'min_samples_leaf': 4, 'min_samples_split': 2, 'n_estimators': 200}",-66.72352093,64.42404342,0.919991245,77.49464158,120.4319124,66.72352093,8.1684,8.0265,77.49%,0.92
"{'criterion': 'friedman_mse', 'max_depth': None, 'min_samples_leaf': 4, 'min_samples_split': 5, 'n_estimators': 200}",-66.72352093,64.42404342,0.919991245,77.49464158,120.017838,66.72352093,8.1684,8.0265,77.49%,0.92
"{'criterion': 'friedman_mse', 'max_depth': None, 'min_samples_leaf': 4, 'min_samples_split': 2, 'n_estimators': 500}",-66.72639427,64.37730577,0.920049289,77.63753275,301.1248462,66.72639427,8.1686,8.0235,77.64%,0.92
"{'criterion': 'friedman_mse', 'max_depth': None, 'min_samples_leaf': 4, 'min_samples_split': 5, 'n_estimators': 500}",-66.72639427,64.37730577,0.920049289,77.63753275,300.7203097,66.72639427,8.1686,8.0235,77.64%,0.92
"{'criterion': 'squared_error', 'max_depth': None, 'min_samples_leaf': 4, 'min_samples_split': 2, 'n_estimators': 500}",-66.73700084,64.35623829,0.920075453,77.56608716,301.5840771,66.73700084,8.1693,8.0222,77.57%,0.9201
"{'criterion': 'squared_error', 'max_depth': None, 'min_samples_leaf': 4, 'min_samples_split': 5, 'n_estimators': 500}",-66.73700084,64.35623829,0.920075453,77.56608716,298.6515777,66.73700084,8.1693,8.0222,77.57%,0.9201
"{'criterion': 'friedman_mse', 'max_depth': None, 'min_samples_leaf': 4, 'min_samples_split': 2, 'n_estimators': 400}",-66.74383974,64.38431392,0.920040585,77.49464158,240.8739321,66.74383974,8.1697,8.024,77.49%,0.92
"{'criterion': 'friedman_mse', 'max_depth': None, 'min_samples_leaf': 4, 'min_samples_split': 5, 'n_estimators': 400}",-66.74383974,64.38431392,0.920040585,77.49464158,241.2295113,66.74383974,8.1697,8.024,77.49%,0.92
"{'criterion': 'squared_error', 'max_depth': None, 'min_samples_leaf': 4, 'min_samples_split': 2, 'n_estimators': 400}",-66.75092893,64.35839072,0.92007278,77.47082639,241.6114802,66.75092893,8.1701,8.0224,77.47%,0.9201
"{'criterion': 'squared_error', 'max_depth': None, 'min_samples_leaf': 4, 'min_samples_split': 5, 'n_estimators': 400}",-66.75092893,64.35839072,0.92007278,77.47082639,239.2954094,66.75092893,8.1701,8.0224,77.47%,0.9201
"{'criterion': 'friedman_mse', 'max_depth': None, 'min_samples_leaf': 4, 'min_samples_split': 2, 'n_estimators': 300}",-66.75937872,64.28122801,0.920168609,77.49464158,180.4153562,66.75937872,8.1706,8.0176,77.49%,0.9202
"{'criterion': 'friedman_mse', 'max_depth': None, 'min_samples_leaf': 4, 'min_samples_split': 5, 'n_estimators': 300}",-66.75937872,64.28122801,0.920168609,77.49464158,181.0757523,66.75937872,8.1706,8.0176,77.49%,0.9202
"{'criterion': 'squared_error', 'max_depth': None, 'min_samples_leaf': 4, 'min_samples_split': 2, 'n_estimators': 300}",-66.76221429,64.26562911,0.920187981,77.54227197,179.4314737,66.76221429,8.1708,8.0166,77.54%,0.9202
"{'criterion': 'squared_error', 'max_depth': None, 'min_samples_leaf': 4, 'min_samples_split': 5, 'n_estimators': 300}",-66.76221429,64.26562911,0.920187981,77.54227197,179.5368493,66.76221429,8.1708,8.0166,77.54%,0.9202
"{'criterion': 'squared_error', 'max_depth': None, 'min_samples_leaf': 4, 'min_samples_split': 2, 'n_estimators': 100}",-66.99846708,63.77345262,0.920799219,77.49464158,59.62606692,66.99846708,8.1853,7.9858,77.49%,0.9208
"{'criterion': 'squared_error', 'max_depth': None, 'min_samples_leaf': 4, 'min_samples_split': 5, 'n_estimators': 100}",-66.99846708,63.77345262,0.920799219,77.49464158,59.50122309,66.99846708,8.1853,7.9858,77.49%,0.9208
"{'criterion': 'friedman_mse', 'max_depth': None, 'min_samples_leaf': 4, 'min_samples_split': 2, 'n_estimators': 100}",-67.01509913,63.80301878,0.920762501,77.49464158,59.89818645,67.01509913,8.1863,7.9877,77.49%,0.9208
"{'criterion': 'friedman_mse', 'max_depth': None, 'min_samples_leaf': 4, 'min_samples_split': 5, 'n_estimators': 100}",-67.01509913,63.80301878,0.920762501,77.49464158,59.90621924,67.01509913,8.1863,7.9877,77.49%,0.9208
"{'criterion': 'squared_error', 'max_depth': None, 'min_samples_leaf': 4, 'min_samples_split': 10, 'n_estimators': 500}",-67.37300344,64.99173065,0.919286229,77.32793522,294.8151462,67.37300344,8.2081,8.0617,77.33%,0.9193
"{'criterion': 'friedman_mse', 'max_depth': None, 'min_samples_leaf': 4, 'min_samples_split': 10, 'n_estimators': 500}",-67.38110651,65.00150142,0.919274095,77.32793522,298.1496952,67.38110651,8.2086,8.0624,77.33%,0.9193
"{'criterion': 'squared_error', 'max_depth': None, 'min_samples_leaf': 4, 'min_samples_split': 10, 'n_estimators': 200}",-67.39696833,65.0523841,0.919210903,77.11359848,117.6804416,67.39696833,8.2096,8.0655,77.11%,0.9192
"{'criterion': 'squared_error', 'max_depth': None, 'min_samples_leaf': 4, 'min_samples_split': 10, 'n_estimators': 400}",-67.41125539,64.97213704,0.919310563,77.20885925,235.6533396,67.41125539,8.2104,8.0605,77.21%,0.9193
"{'criterion': 'squared_error', 'max_depth': None, 'min_samples_leaf': 4, 'min_samples_split': 10, 'n_estimators': 300}",-67.42191411,64.89723519,0.919403584,77.08978328,176.71701,67.42191411,8.2111,8.0559,77.09%,0.9194
"{'criterion': 'friedman_mse', 'max_depth': None, 'min_samples_leaf': 4, 'min_samples_split': 10, 'n_estimators': 400}",-67.42390606,64.98659714,0.919292605,77.16122886,237.6054153,67.42390606,8.2112,8.0614,77.16%,0.9193
"{'criterion': 'friedman_mse', 'max_depth': None, 'min_samples_leaf': 4, 'min_samples_split': 10, 'n_estimators': 200}",-67.42835476,65.07069958,0.919188157,77.04215289,118.601584,67.42835476,8.2115,8.0666,77.04%,0.9192
"{'criterion': 'friedman_mse', 'max_depth': None, 'min_samples_leaf': 4, 'min_samples_split': 10, 'n_estimators': 300}",-67.43741618,64.89688805,0.919404015,77.11359848,177.5371873,67.43741618,8.212,8.0559,77.11%,0.9194
"{'criterion': 'squared_error', 'max_depth': None, 'min_samples_leaf': 4, 'min_samples_split': 10, 'n_estimators': 100}",-67.70229062,64.34957828,0.920083724,77.20885925,58.63041782,67.70229062,8.2281,8.0218,77.21%,0.9201
"{'criterion': 'friedman_mse', 'max_depth': None, 'min_samples_leaf': 4, 'min_samples_split': 10, 'n_estimators': 100}",-67.72474926,64.33823707,0.920097808,77.16122886,59.17974472,67.72474926,8.2295,8.0211,77.16%,0.9201
"{'criterion': 'friedman_mse', 'max_depth': 20, 'min_samples_leaf': 4, 'min_samples_split': 2, 'n_estimators': 200}",-67.76987326,65.81604699,0.918262504,76.58966421,81.20246577,67.76987326,8.2322,8.1127,76.59%,0.9183
"{'criterion': 'friedman_mse', 'max_depth': 20, 'min_samples_leaf': 4, 'min_samples_split': 5, 'n_estimators': 200}",-67.76987326,65.81604699,0.918262504,76.58966421,81.22935915,67.76987326,8.2322,8.1127,76.59%,0.9183
"{'criterion': 'squared_error', 'max_depth': 20, 'min_samples_leaf': 4, 'min_samples_split': 2, 'n_estimators': 200}",-67.77275354,65.7833211,0.918303147,76.54203382,80.77595091,67.77275354,8.2324,8.1107,76.54%,0.9183
"{'criterion': 'squared_error', 'max_depth': 20, 'min_samples_leaf': 4, 'min_samples_split': 5, 'n_estimators': 200}",-67.77275354,65.7833211,0.918303147,76.54203382,80.68711042,67.77275354,8.2324,8.1107,76.54%,0.9183
"{'criterion': 'friedman_mse', 'max_depth': 20, 'min_samples_leaf': 4, 'min_samples_split': 2, 'n_estimators': 500}",-67.78941463,65.77922144,0.918308238,76.68492498,203.0278945,67.78941463,8.2334,8.1104,76.68%,0.9183
"{'criterion': 'friedman_mse', 'max_depth': 20, 'min_samples_leaf': 4, 'min_samples_split': 5, 'n_estimators': 500}",-67.78941463,65.77922144,0.918308238,76.68492498,201.4325356,67.78941463,8.2334,8.1104,76.68%,0.9183
"{'criterion': 'squared_error', 'max_depth': 20, 'min_samples_leaf': 4, 'min_samples_split': 2, 'n_estimators': 500}",-67.79428199,65.78217525,0.91830457,76.66110979,201.4444983,67.79428199,8.2337,8.1106,76.66%,0.9183
"{'criterion': 'squared_error', 'max_depth': 20, 'min_samples_leaf': 4, 'min_samples_split': 5, 'n_estimators': 500}",-67.79428199,65.78217525,0.91830457,76.66110979,200.932112,67.79428199,8.2337,8.1106,76.66%,0.9183
"{'criterion': 'squared_error', 'max_depth': 20, 'min_samples_leaf': 4, 'min_samples_split': 2, 'n_estimators': 300}",-67.80112768,65.67447086,0.918438329,76.63729459,121.1109068,67.80112768,8.2341,8.104,76.64%,0.9184
"{'criterion': 'squared_error', 'max_depth': 20, 'min_samples_leaf': 4, 'min_samples_split': 5, 'n_estimators': 300}",-67.80112768,65.67447086,0.918438329,76.63729459,120.9285812,67.80112768,8.2341,8.104,76.64%,0.9184
"{'criterion': 'friedman_mse', 'max_depth': 20, 'min_samples_leaf': 4, 'min_samples_split': 2, 'n_estimators': 300}",-67.80322738,65.68774462,0.918421844,76.63729459,121.803442,67.80322738,8.2343,8.1048,76.64%,0.9184
"{'criterion': 'friedman_mse', 'max_depth': 20, 'min_samples_leaf': 4, 'min_samples_split': 5, 'n_estimators': 300}",-67.80322738,65.68774462,0.918421844,76.63729459,121.6884212,67.80322738,8.2343,8.1048,76.64%,0.9184
"{'criterion': 'squared_error', 'max_depth': 20, 'min_samples_leaf': 4, 'min_samples_split': 2, 'n_estimators': 400}",-67.80660957,65.78838049,0.918296863,76.58966421,161.2159643,67.80660957,8.2345,8.111,76.59%,0.9183
"{'criterion': 'squared_error', 'max_depth': 20, 'min_samples_leaf': 4, 'min_samples_split': 5, 'n_estimators': 400}",-67.80660957,65.78838049,0.918296863,76.58966421,160.8074083,67.80660957,8.2345,8.111,76.59%,0.9183
"{'criterion': 'friedman_mse', 'max_depth': 20, 'min_samples_leaf': 4, 'min_samples_split': 2, 'n_estimators': 400}",-67.80672999,65.78691826,0.918298679,76.58966421,162.6294789,67.80672999,8.2345,8.1109,76.59%,0.9183
"{'criterion': 'friedman_mse', 'max_depth': 20, 'min_samples_leaf': 4, 'min_samples_split': 5, 'n_estimators': 400}",-67.80672999,65.78691826,0.918298679,76.58966421,161.7670372,67.80672999,8.2345,8.1109,76.59%,0.9183
"{'criterion': 'friedman_mse', 'max_depth': 20, 'min_samples_leaf': 4, 'min_samples_split': 2, 'n_estimators': 100}",-68.00544694,65.13443392,0.919109005,76.70874018,40.67540574,68.00544694,8.2465,8.0706,76.71%,0.9191
"{'criterion': 'friedman_mse', 'max_depth': 20, 'min_samples_leaf': 4, 'min_samples_split': 5, 'n_estimators': 100}",-68.00544694,65.13443392,0.919109005,76.70874018,40.52337003,68.00544694,8.2465,8.0706,76.71%,0.9191
"{'criterion': 'squared_error', 'max_depth': 20, 'min_samples_leaf': 4, 'min_samples_split': 2, 'n_estimators': 100}",-68.01322265,65.04413702,0.919221145,76.73255537,40.41861773,68.01322265,8.247,8.065,76.73%,0.9192
"{'criterion': 'squared_error', 'max_depth': 20, 'min_samples_leaf': 4, 'min_samples_split': 5, 'n_estimators': 100}",-68.01322265,65.04413702,0.919221145,76.73255537,40.34560752,68.01322265,8.247,8.065,76.73%,0.9192
"{'criterion': 'friedman_mse', 'max_depth': 20, 'min_samples_leaf': 4, 'min_samples_split': 10, 'n_estimators': 500}",-68.42819085,66.43913957,0.91748868,76.32769707,199.7143512,68.42819085,8.2721,8.151,76.33%,0.9175
"{'criterion': 'squared_error', 'max_depth': 20, 'min_samples_leaf': 4, 'min_samples_split': 10, 'n_estimators': 500}",-68.43486025,66.43748693,0.917490733,76.30388188,199.1612604,68.43486025,8.2725,8.1509,76.30%,0.9175
"{'criterion': 'friedman_mse', 'max_depth': 20, 'min_samples_leaf': 4, 'min_samples_split': 10, 'n_estimators': 200}",-68.44116863,66.45794866,0.917465321,76.23243629,79.64340019,68.44116863,8.2729,8.1522,76.23%,0.9175
"{'criterion': 'squared_error', 'max_depth': 20, 'min_samples_leaf': 4, 'min_samples_split': 10, 'n_estimators': 200}",-68.44225314,66.44428345,0.917482292,76.23243629,79.73620081,68.44225314,8.273,8.1513,76.23%,0.9175
"{'criterion': 'friedman_mse', 'max_depth': 20, 'min_samples_leaf': 4, 'min_samples_split': 10, 'n_estimators': 400}",-68.46661184,66.42087918,0.917511358,76.11336032,159.4929328,68.46661184,8.2745,8.1499,76.11%,0.9175
"{'criterion': 'squared_error', 'max_depth': 20, 'min_samples_leaf': 4, 'min_samples_split': 10, 'n_estimators': 400}",-68.47267124,66.41002807,0.917524834,76.11336032,158.9793255,68.47267124,8.2748,8.1492,76.11%,0.9175
"{'criterion': 'friedman_mse', 'max_depth': 20, 'min_samples_leaf': 4, 'min_samples_split': 10, 'n_estimators': 300}",-68.47330529,66.32773329,0.917627037,76.23243629,119.8012979,68.47330529,8.2749,8.1442,76.23%,0.9176
"{'criterion': 'squared_error', 'max_depth': 20, 'min_samples_leaf': 4, 'min_samples_split': 10, 'n_estimators': 300}",-68.4806733,66.31901291,0.917637867,76.23243629,119.6340137,68.4806733,8.2753,8.1436,76.23%,0.9176
"{'criterion': 'friedman_mse', 'max_depth': 20, 'min_samples_leaf': 4, 'min_samples_split': 10, 'n_estimators': 100}",-68.70076843,65.68112058,0.91843007,76.51821862,39.90404296,68.70076843,8.2886,8.1044,76.52%,0.9184
"{'criterion': 'squared_error', 'max_depth': 20, 'min_samples_leaf': 4, 'min_samples_split': 10, 'n_estimators': 100}",-68.72893298,65.67555464,0.918436983,76.6134794,39.86297369,68.72893298,8.2903,8.104,76.61%,0.9184
"{'criterion': 'squared_error', 'max_depth': 10, 'min_samples_leaf': 1, 'min_samples_split': 2, 'n_estimators': 200}",-76.9347016,77.89507481,0.903261459,69.3498452,52.83735466,76.9347016,8.7712,8.8258,69.35%,0.9033
"{'criterion': 'squared_error', 'max_depth': 10, 'min_samples_leaf': 1, 'min_samples_split': 2, 'n_estimators': 300}",-76.99890745,78.05248598,0.903065969,69.3736604,79.41512632,76.99890745,8.7749,8.8347,69.37%,0.9031
"{'criterion': 'friedman_mse', 'max_depth': 10, 'min_samples_leaf': 1, 'min_samples_split': 2, 'n_estimators': 200}",-77.00737601,77.83327253,0.903338212,69.3736604,53.57152438,77.00737601,8.7754,8.8223,69.37%,0.9033
"{'criterion': 'friedman_mse', 'max_depth': 10, 'min_samples_leaf': 1, 'min_samples_split': 2, 'n_estimators': 300}",-77.04244962,77.976538,0.903160289,69.3498452,80.21437955,77.04244962,8.7774,8.8304,69.35%,0.9032
"{'criterion': 'squared_error', 'max_depth': 10, 'min_samples_leaf': 1, 'min_samples_split': 2, 'n_estimators': 500}",-77.06227227,78.41632906,0.902614109,69.20695404,132.755604,77.06227227,8.7785,8.8553,69.21%,0.9026
"{'criterion': 'friedman_mse', 'max_depth': 10, 'min_samples_leaf': 1, 'min_samples_split': 2, 'n_estimators': 500}",-77.0750846,78.36023299,0.902683775,69.20695404,134.0355546,77.0750846,8.7792,8.8521,69.21%,0.9027
"{'criterion': 'squared_error', 'max_depth': 10, 'min_samples_leaf': 1, 'min_samples_split': 2, 'n_estimators': 400}",-77.0772308,78.26492614,0.902802138,69.42129078,105.9956286,77.0772308,8.7794,8.8467,69.42%,0.9028
"{'criterion': 'friedman_mse', 'max_depth': 10, 'min_samples_leaf': 1, 'min_samples_split': 2, 'n_estimators': 400}",-77.09787348,78.20828982,0.902872475,69.3736604,107.073056,77.09787348,8.7805,8.8435,69.37%,0.9029
"{'criterion': 'squared_error', 'max_depth': 10, 'min_samples_leaf': 1, 'min_samples_split': 2, 'n_estimators': 100}",-77.14523315,76.75857902,0.904672883,69.3498452,26.53513193,77.14523315,8.7832,8.7612,69.35%,0.9047
"{'criterion': 'friedman_mse', 'max_depth': 10, 'min_samples_leaf': 1, 'min_samples_split': 2, 'n_estimators': 100}",-77.22938664,76.78250668,0.904643167,69.39747559,26.75014925,77.22938664,8.788,8.7626,69.40%,0.9046
"{'criterion': 'squared_error', 'max_depth': 10, 'min_samples_leaf': 1, 'min_samples_split': 5, 'n_estimators': 200}",-77.36789888,78.35527235,0.902689936,69.15932365,52.69011021,77.36789888,8.7959,8.8519,69.16%,0.9027
"{'criterion': 'friedman_mse', 'max_depth': 10, 'min_samples_leaf': 1, 'min_samples_split': 5, 'n_estimators': 200}",-77.42767037,78.29339046,0.902766787,69.15932365,53.08306336,77.42767037,8.7993,8.8484,69.16%,0.9028
"{'criterion': 'squared_error', 'max_depth': 10, 'min_samples_leaf': 1, 'min_samples_split': 5, 'n_estimators': 300}",-77.45882085,78.53294754,0.90246928,69.15932365,78.68740106,77.45882085,8.8011,8.8619,69.16%,0.9025
"{'criterion': 'friedman_mse', 'max_depth': 10, 'min_samples_leaf': 1, 'min_samples_split': 5, 'n_estimators': 300}",-77.46863122,78.50887068,0.902499181,69.15932365,79.759835,77.46863122,8.8016,8.8605,69.16%,0.9025
"{'criterion': 'squared_error', 'max_depth': 10, 'min_samples_leaf': 1, 'min_samples_split': 5, 'n_estimators': 500}",-77.48735524,78.82884194,0.902101806,68.9449869,131.9201922,77.48735524,8.8027,8.8786,68.94%,0.9021
"{'criterion': 'squared_error', 'max_depth': 10, 'min_samples_leaf': 1, 'min_samples_split': 5, 'n_estimators': 400}",-77.49161121,78.68209954,0.902284046,69.01643248,105.0823162,77.49161121,8.8029,8.8703,69.02%,0.9023
"{'criterion': 'friedman_mse', 'max_depth': 10, 'min_samples_leaf': 1, 'min_samples_split': 5, 'n_estimators': 500}",-77.50069948,78.80534802,0.902130983,69.01643248,132.5971692,77.50069948,8.8034,8.8772,69.02%,0.9021
"{'criterion': 'friedman_mse', 'max_depth': 10, 'min_samples_leaf': 1, 'min_samples_split': 5, 'n_estimators': 400}",-77.51335113,78.66049968,0.902310871,69.06406287,106.0230486,77.51335113,8.8042,8.8691,69.06%,0.9023
"{'criterion': 'squared_error', 'max_depth': 10, 'min_samples_leaf': 1, 'min_samples_split': 5, 'n_estimators': 100}",-77.54729415,77.1737106,0.904157327,69.23076923,26.26594067,77.54729415,8.8061,8.7849,69.23%,0.9042
"{'criterion': 'squared_error', 'max_depth': 10, 'min_samples_leaf': 2, 'min_samples_split': 2, 'n_estimators': 200}",-77.57810291,77.63992611,0.90357833,69.30221481,52.48789644,77.57810291,8.8078,8.8114,69.30%,0.9036
"{'criterion': 'squared_error', 'max_depth': 10, 'min_samples_leaf': 2, 'min_samples_split': 2, 'n_estimators': 100}",-77.62806767,76.50590162,0.904986685,69.61181234,26.3156991,77.62806767,8.8107,8.7468,69.61%,0.905
"{'criterion': 'friedman_mse', 'max_depth': 10, 'min_samples_leaf': 1, 'min_samples_split': 5, 'n_estimators': 100}",-77.67376252,77.18784735,0.904139771,69.20695404,26.57043386,77.67376252,8.8133,8.7857,69.21%,0.9041
"{'criterion': 'friedman_mse', 'max_depth': 10, 'min_samples_leaf': 2, 'min_samples_split': 2, 'n_estimators': 200}",-77.67470862,77.65061593,0.903565055,69.3498452,52.86700678,77.67470862,8.8133,8.812,69.35%,0.9036
"{'criterion': 'squared_error', 'max_depth': 10, 'min_samples_leaf': 2, 'min_samples_split': 2, 'n_estimators': 300}",-77.67812711,77.84289424,0.903326262,69.27839962,78.8657577,77.67812711,8.8135,8.8229,69.28%,0.9033
"{'criterion': 'squared_error', 'max_depth': 10, 'min_samples_leaf': 2, 'min_samples_split': 2, 'n_estimators': 500}",-77.68060266,78.0391761,0.903082498,69.18313884,131.3546724,77.68060266,8.8137,8.834,69.18%,0.9031
"{'criterion': 'friedman_mse', 'max_depth': 10, 'min_samples_leaf': 2, 'min_samples_split': 2, 'n_estimators': 500}",-77.7109975,78.02933626,0.903094719,69.18313884,132.6127429,77.7109975,8.8154,8.8334,69.18%,0.9031
"{'criterion': 'squared_error', 'max_depth': 10, 'min_samples_leaf': 2, 'min_samples_split': 2, 'n_estimators': 400}",-77.7405536,77.97628203,0.903160607,69.18313884,105.1055887,77.7405536,8.8171,8.8304,69.18%,0.9032
"{'criterion': 'friedman_mse', 'max_depth': 10, 'min_samples_leaf': 2, 'min_samples_split': 2, 'n_estimators': 300}",-77.74860768,77.84516915,0.903323437,69.30221481,79.36515093,77.74860768,8.8175,8.823,69.30%,0.9033
"{'criterion': 'friedman_mse', 'max_depth': 10, 'min_samples_leaf': 2, 'min_samples_split': 2, 'n_estimators': 100}",-77.75409629,76.53484981,0.904950734,69.63562753,26.48477411,77.75409629,8.8178,8.7484,69.64%,0.905
"{'criterion': 'friedman_mse', 'max_depth': 10, 'min_samples_leaf': 2, 'min_samples_split': 5, 'n_estimators': 200}",-77.78401369,77.78922859,0.90339291,69.30221481,52.82109642,77.78401369,8.8195,8.8198,69.30%,0.9034
"{'criterion': 'friedman_mse', 'max_depth': 10, 'min_samples_leaf': 2, 'min_samples_split': 2, 'n_estimators': 400}",-77.78537963,77.97919744,0.903156986,69.20695404,105.8580313,77.78537963,8.8196,8.8306,69.21%,0.9032
"{'criterion': 'squared_error', 'max_depth': 10, 'min_samples_leaf': 2, 'min_samples_split': 5, 'n_estimators': 200}",-77.8220759,77.80790334,0.903369718,69.27839962,52.42332959,77.8220759,8.8217,8.8209,69.28%,0.9034
"{'criterion': 'friedman_mse', 'max_depth': 10, 'min_samples_leaf': 2, 'min_samples_split': 5, 'n_estimators': 100}",-77.83610536,76.61831065,0.904847083,69.56418195,26.41951537,77.83610536,8.8225,8.7532,69.56%,0.9048
"{'criterion': 'friedman_mse', 'max_depth': 10, 'min_samples_leaf': 2, 'min_samples_split': 5, 'n_estimators': 500}",-77.83852516,78.18883696,0.902896633,69.13550845,132.2217042,77.83852516,8.8226,8.8424,69.14%,0.9029
"{'criterion': 'friedman_mse', 'max_depth': 10, 'min_samples_leaf': 2, 'min_samples_split': 5, 'n_estimators': 300}",-77.84721652,77.99573913,0.903136443,69.20695404,79.12836695,77.84721652,8.8231,8.8315,69.21%,0.9031
"{'criterion': 'squared_error', 'max_depth': 10, 'min_samples_leaf': 2, 'min_samples_split': 5, 'n_estimators': 500}",-77.86105592,78.19751114,0.902885861,69.11169326,130.7647283,77.86105592,8.8239,8.8429,69.11%,0.9029
"{'criterion': 'squared_error', 'max_depth': 10, 'min_samples_leaf': 2, 'min_samples_split': 5, 'n_estimators': 300}",-77.87234349,78.00573847,0.903124025,69.20695404,78.64445591,77.87234349,8.8245,8.8321,69.21%,0.9031
"{'criterion': 'friedman_mse', 'max_depth': 10, 'min_samples_leaf': 2, 'min_samples_split': 5, 'n_estimators': 400}",-77.90071373,78.09492821,0.903013259,69.15932365,105.473834,77.90071373,8.8261,8.8371,69.16%,0.903
"{'criterion': 'squared_error', 'max_depth': 10, 'min_samples_leaf': 2, 'min_samples_split': 5, 'n_estimators': 100}",-77.90610836,76.66452783,0.904789686,69.58799714,26.26486039,77.90610836,8.8264,8.7558,69.59%,0.9048
"{'criterion': 'squared_error', 'max_depth': 10, 'min_samples_leaf': 2, 'min_samples_split': 5, 'n_estimators': 400}",-77.91866986,78.12345247,0.902977835,69.18313884,104.7715547,77.91866986,8.8272,8.8387,69.18%,0.903
"{'criterion': 'squared_error', 'max_depth': 10, 'min_samples_leaf': 1, 'min_samples_split': 10, 'n_estimators': 200}",-78.27680492,79.08020565,0.901789635,68.9688021,52.43001914,78.27680492,8.8474,8.8927,68.97%,0.9018
"{'criterion': 'squared_error', 'max_depth': 10, 'min_samples_leaf': 1, 'min_samples_split': 10, 'n_estimators': 300}",-78.29920555,79.21400779,0.901623465,68.92117171,78.54646444,78.29920555,8.8487,8.9002,68.92%,0.9016
"{'criterion': 'squared_error', 'max_depth': 10, 'min_samples_leaf': 1, 'min_samples_split': 10, 'n_estimators': 500}",-78.32206916,79.59609086,0.901148953,68.82591093,130.9817114,78.32206916,8.85,8.9217,68.83%,0.9011
"{'criterion': 'squared_error', 'max_depth': 10, 'min_samples_leaf': 1, 'min_samples_split': 10, 'n_estimators': 400}",-78.33871084,79.40196021,0.901390046,68.92117171,104.8303096,78.33871084,8.8509,8.9108,68.92%,0.9014
"{'criterion': 'friedman_mse', 'max_depth': 10, 'min_samples_leaf': 1, 'min_samples_split': 10, 'n_estimators': 200}",-78.34486698,79.12397755,0.901735274,68.9449869,52.79754877,78.34486698,8.8513,8.8952,68.94%,0.9017
"{'criterion': 'friedman_mse', 'max_depth': 10, 'min_samples_leaf': 1, 'min_samples_split': 10, 'n_estimators': 300}",-78.3688781,79.23360633,0.901599126,68.92117171,79.08281422,78.3688781,8.8526,8.9013,68.92%,0.9016
"{'criterion': 'friedman_mse', 'max_depth': 10, 'min_samples_leaf': 1, 'min_samples_split': 10, 'n_estimators': 500}",-78.36904364,79.60801183,0.901134148,68.80209574,131.9055002,78.36904364,8.8526,8.9223,68.80%,0.9011
"{'criterion': 'friedman_mse', 'max_depth': 10, 'min_samples_leaf': 1, 'min_samples_split': 10, 'n_estimators': 400}",-78.40589391,79.41526035,0.901373528,68.92117171,105.6509948,78.40589391,8.8547,8.9115,68.92%,0.9014
"{'criterion': 'squared_error', 'max_depth': 10, 'min_samples_leaf': 1, 'min_samples_split': 10, 'n_estimators': 100}",-78.47781359,78.01453394,0.903113102,69.13550845,26.31455469,78.47781359,8.8588,8.8326,69.14%,0.9031
"{'criterion': 'friedman_mse', 'max_depth': 10, 'min_samples_leaf': 1, 'min_samples_split': 10, 'n_estimators': 100}",-78.5847719,78.08870218,0.903020992,69.11169326,26.48278332,78.5847719,8.8648,8.8368,69.11%,0.903
"{'criterion': 'squared_error', 'max_depth': 10, 'min_samples_leaf': 2, 'min_samples_split': 10, 'n_estimators': 200}",-78.6785361,78.71528387,0.902242835,69.04024768,52.02507186,78.6785361,8.8701,8.8722,69.04%,0.9022
"{'criterion': 'friedman_mse', 'max_depth': 10, 'min_samples_leaf': 2, 'min_samples_split': 10, 'n_estimators': 500}",-78.67853628,79.10549431,0.901758229,68.82591093,131.3716393,78.67853628,8.8701,8.8941,68.83%,0.9018
"{'criterion': 'friedman_mse', 'max_depth': 10, 'min_samples_leaf': 2, 'min_samples_split': 10, 'n_estimators': 200}",-78.68680335,78.71107788,0.902248058,69.08787807,52.51688957,78.68680335,8.8706,8.8719,69.09%,0.9022
"{'criterion': 'squared_error', 'max_depth': 10, 'min_samples_leaf': 2, 'min_samples_split': 10, 'n_estimators': 500}",-78.68817436,79.09421363,0.901772239,68.82591093,129.9480026,78.68817436,8.8706,8.8935,68.83%,0.9018
"{'criterion': 'friedman_mse', 'max_depth': 10, 'min_samples_leaf': 2, 'min_samples_split': 10, 'n_estimators': 300}",-78.6927261,78.87988031,0.902038421,69.08787807,78.56975245,78.6927261,8.8709,8.8814,69.09%,0.902
"{'criterion': 'squared_error', 'max_depth': 10, 'min_samples_leaf': 2, 'min_samples_split': 10, 'n_estimators': 300}",-78.69779825,78.87078363,0.902049718,69.08787807,77.91700435,78.69779825,8.8712,8.8809,69.09%,0.902
"{'criterion': 'squared_error', 'max_depth': 10, 'min_samples_leaf': 2, 'min_samples_split': 10, 'n_estimators': 100}",-78.70759649,77.60269635,0.903624566,69.30221481,26.06664371,78.70759649,8.8717,8.8092,69.30%,0.9036
"{'criterion': 'friedman_mse', 'max_depth': 10, 'min_samples_leaf': 2, 'min_samples_split': 10, 'n_estimators': 100}",-78.70845269,77.61999887,0.903603078,69.27839962,26.31619358,78.70845269,8.8718,8.8102,69.28%,0.9036
"{'criterion': 'friedman_mse', 'max_depth': 10, 'min_samples_leaf': 2, 'min_samples_split': 10, 'n_estimators': 400}",-78.73835697,79.01191698,0.901874443,68.99261729,105.0609202,78.73835697,8.8735,8.8889,68.99%,0.9019
"{'criterion': 'squared_error', 'max_depth': 10, 'min_samples_leaf': 2, 'min_samples_split': 10, 'n_estimators': 400}",-78.74021525,79.00364553,0.901884716,69.01643248,103.9838312,78.74021525,8.8736,8.8884,69.02%,0.9019
"{'criterion': 'squared_error', 'max_depth': 10, 'min_samples_leaf': 4, 'min_samples_split': 2, 'n_estimators': 200}",-80.09635757,80.54197192,0.899974255,69.04024768,51.64915872,80.09635757,8.9497,8.9745,69.04%,0.9
"{'criterion': 'squared_error', 'max_depth': 10, 'min_samples_leaf': 4, 'min_samples_split': 5, 'n_estimators': 200}",-80.09635757,80.54197192,0.899974255,69.04024768,51.67240834,80.09635757,8.9497,8.9745,69.04%,0.9
"{'criterion': 'friedman_mse', 'max_depth': 10, 'min_samples_leaf': 4, 'min_samples_split': 2, 'n_estimators': 200}",-80.11046193,80.55022061,0.899964011,69.04024768,52.15338302,80.11046193,8.9504,8.975,69.04%,0.9
"{'criterion': 'friedman_mse', 'max_depth': 10, 'min_samples_leaf': 4, 'min_samples_split': 5, 'n_estimators': 200}",-80.11046193,80.55022061,0.899964011,69.04024768,52.20712543,80.11046193,8.9504,8.975,69.04%,0.9
"{'criterion': 'squared_error', 'max_depth': 10, 'min_samples_leaf': 4, 'min_samples_split': 2, 'n_estimators': 300}",-80.15370323,80.59538346,0.899907923,69.04024768,77.54571247,80.15370323,8.9529,8.9775,69.04%,0.8999
"{'criterion': 'squared_error', 'max_depth': 10, 'min_samples_leaf': 4, 'min_samples_split': 5, 'n_estimators': 300}",-80.15370323,80.59538346,0.899907923,69.04024768,77.55557847,80.15370323,8.9529,8.9775,69.04%,0.8999
"{'criterion': 'friedman_mse', 'max_depth': 10, 'min_samples_leaf': 4, 'min_samples_split': 2, 'n_estimators': 300}",-80.16413477,80.6018744,0.899899862,69.01643248,78.22490954,80.16413477,8.9534,8.9779,69.02%,0.8999
"{'criterion': 'friedman_mse', 'max_depth': 10, 'min_samples_leaf': 4, 'min_samples_split': 5, 'n_estimators': 300}",-80.16413477,80.6018744,0.899899862,69.01643248,78.3666935,80.16413477,8.9534,8.9779,69.02%,0.8999
"{'criterion': 'squared_error', 'max_depth': 10, 'min_samples_leaf': 4, 'min_samples_split': 2, 'n_estimators': 500}",-80.18812404,80.786035,0.899671152,68.92117171,129.5321155,80.18812404,8.9548,8.9881,68.92%,0.8997
"{'criterion': 'squared_error', 'max_depth': 10, 'min_samples_leaf': 4, 'min_samples_split': 5, 'n_estimators': 500}",-80.18812404,80.786035,0.899671152,68.92117171,129.2593646,80.18812404,8.9548,8.9881,68.92%,0.8997
"{'criterion': 'friedman_mse', 'max_depth': 10, 'min_samples_leaf': 4, 'min_samples_split': 2, 'n_estimators': 500}",-80.18938081,80.80308718,0.899649974,68.92117171,130.2484429,80.18938081,8.9549,8.9891,68.92%,0.8996
"{'criterion': 'friedman_mse', 'max_depth': 10, 'min_samples_leaf': 4, 'min_samples_split': 5, 'n_estimators': 500}",-80.18938081,80.80308718,0.899649974,68.92117171,130.1654978,80.18938081,8.9549,8.9891,68.92%,0.8996
"{'criterion': 'squared_error', 'max_depth': 10, 'min_samples_leaf': 4, 'min_samples_split': 2, 'n_estimators': 100}",-80.203828,79.56846732,0.901183259,69.39747559,25.87726951,80.203828,8.9557,8.9201,69.40%,0.9012
"{'criterion': 'squared_error', 'max_depth': 10, 'min_samples_leaf': 4, 'min_samples_split': 5, 'n_estimators': 100}",-80.203828,79.56846732,0.901183259,69.39747559,25.89553261,80.203828,8.9557,8.9201,69.40%,0.9012
"{'criterion': 'squared_error', 'max_depth': 10, 'min_samples_leaf': 4, 'min_samples_split': 2, 'n_estimators': 400}",-80.21833487,80.715179,0.899759148,68.99261729,103.3907075,80.21833487,8.9565,8.9842,68.99%,0.8998
"{'criterion': 'squared_error', 'max_depth': 10, 'min_samples_leaf': 4, 'min_samples_split': 5, 'n_estimators': 400}",-80.21833487,80.715179,0.899759148,68.99261729,103.3737893,80.21833487,8.9565,8.9842,68.99%,0.8998
"{'criterion': 'friedman_mse', 'max_depth': 10, 'min_samples_leaf': 4, 'min_samples_split': 2, 'n_estimators': 100}",-80.22015669,79.58440459,0.901163466,69.42129078,26.15998387,80.22015669,8.9566,8.921,69.42%,0.9012
"{'criterion': 'friedman_mse', 'max_depth': 10, 'min_samples_leaf': 4, 'min_samples_split': 5, 'n_estimators': 100}",-80.22015669,79.58440459,0.901163466,69.42129078,26.12529373,80.22015669,8.9566,8.921,69.42%,0.9012
"{'criterion': 'friedman_mse', 'max_depth': 10, 'min_samples_leaf': 4, 'min_samples_split': 2, 'n_estimators': 400}",-80.22204124,80.7260865,0.899745602,68.99261729,104.162878,80.22204124,8.9567,8.9848,68.99%,0.8997
"{'criterion': 'friedman_mse', 'max_depth': 10, 'min_samples_leaf': 4, 'min_samples_split': 5, 'n_estimators': 400}",-80.22204124,80.7260865,0.899745602,68.99261729,104.2827094,80.22204124,8.9567,8.9848,68.99%,0.8997
"{'criterion': 'squared_error', 'max_depth': 10, 'min_samples_leaf': 4, 'min_samples_split': 10, 'n_estimators': 200}",-80.43972464,80.89236949,0.899539094,69.04024768,51.56232071,80.43972464,8.9688,8.994,69.04%,0.8995
"{'criterion': 'friedman_mse', 'max_depth': 10, 'min_samples_leaf': 4, 'min_samples_split': 10, 'n_estimators': 200}",-80.44852594,80.8794761,0.899555106,69.01643248,52.02139115,80.44852594,8.9693,8.9933,69.02%,0.8996
"{'criterion': 'squared_error', 'max_depth': 10, 'min_samples_leaf': 4, 'min_samples_split': 10, 'n_estimators': 300}",-80.48663029,80.93369755,0.899487768,69.08787807,77.27172971,80.48663029,8.9714,8.9963,69.09%,0.8995
"{'criterion': 'friedman_mse', 'max_depth': 10, 'min_samples_leaf': 4, 'min_samples_split': 10, 'n_estimators': 300}",-80.48854181,80.92516927,0.89949836,69.11169326,77.93945837,80.48854181,8.9715,8.9958,69.11%,0.8995
"{'criterion': 'friedman_mse', 'max_depth': 10, 'min_samples_leaf': 4, 'min_samples_split': 10, 'n_estimators': 500}",-80.50537454,81.1088667,0.899270224,68.92117171,129.8525846,80.50537454,8.9725,9.006,68.92%,0.8993
"{'criterion': 'squared_error', 'max_depth': 10, 'min_samples_leaf': 4, 'min_samples_split': 10, 'n_estimators': 500}",-80.50628075,81.11773783,0.899259207,68.92117171,129.052973,80.50628075,8.9725,9.0065,68.92%,0.8993
"{'criterion': 'squared_error', 'max_depth': 10, 'min_samples_leaf': 4, 'min_samples_split': 10, 'n_estimators': 400}",-80.54238408,81.04327588,0.899351682,68.99261729,103.1635377,80.54238408,8.9745,9.0024,68.99%,0.8994
"{'criterion': 'friedman_mse', 'max_depth': 10, 'min_samples_leaf': 4, 'min_samples_split': 10, 'n_estimators': 400}",-80.54344464,81.03625339,0.899360403,68.99261729,104.1867681,80.54344464,8.9746,9.002,68.99%,0.8994
"{'criterion': 'squared_error', 'max_depth': 10, 'min_samples_leaf': 4, 'min_samples_split': 10, 'n_estimators': 100}",-80.54418674,79.88539452,0.900789664,69.30221481,25.79190493,80.54418674,8.9746,8.9379,69.30%,0.9008
"{'criterion': 'friedman_mse', 'max_depth': 10, 'min_samples_leaf': 4, 'min_samples_split': 10, 'n_estimators': 100}",-80.55384448,79.88214784,0.900793696,69.30221481,26.13235164,80.55384448,8.9752,8.9377,69.30%,0.9008
